[08:46:45] [main/INFO]: Loading Minecraft 1.21.8 with Fabric Loader 0.17.2
[08:46:45] [ForkJoinPool-1-worker-3/WARN]: Mod lootr uses the version fabric-1.21.8-1.16.39.95 which isn't compatible with Loader's extended semantic version format (Could not parse version number component 'fabric'!), SemVer is recommended for reliably evaluating dependencies and prioritizing newer version
[08:46:46] [main/INFO]: Loading 105 mods:
	- additionalstructures 5.1.3-fabric
	- architectury 17.0.8
	- balm 21.8.9
	   \-- kuma_api 21.8.5
	- biomesoplenty 21.8.0.14
	   |-- com_electronwill_night-config_core 3.6.7
	   |-- com_electronwill_night-config_toml 3.6.7
	   \-- net_jodah_typetools 0.6.3
	- c2me 0.3.4.0.0+1.21.8
	   |-- c2me-base 0.3.4.0.0+1.21.8
	   |-- c2me-client-uncapvd 0.3.4.0.0+1.21.8
	   |-- c2me-fixes-chunkio-threading-issues 0.3.4.0.0+1.21.8
	   |-- c2me-fixes-general-threading-issues 0.3.4.0.0+1.21.8
	   |-- c2me-fixes-worldgen-threading-issues 0.3.4.0.0+1.21.8
	   |-- c2me-fixes-worldgen-vanilla-bugs 0.3.4.0.0+1.21.8
	   |-- c2me-notickvd 0.3.4.0.0+1.21.8
	   |-- c2me-opts-allocs 0.3.4.0.0+1.21.8
	   |-- c2me-opts-chunkio 0.3.4.0.0+1.21.8
	   |-- c2me-opts-dfc 0.3.4.0.0+1.21.8
	   |-- c2me-opts-math 0.3.4.0.0+1.21.8
	   |-- c2me-opts-scheduling 0.3.4.0.0+1.21.8
	   |-- c2me-opts-worldgen-general 0.3.4.0.0+1.21.8
	   |-- c2me-opts-worldgen-vanilla 0.3.4.0.0+1.21.8
	   |-- c2me-rewrites-chunk-serializer 0.3.4.0.0+1.21.8
	   |-- c2me-rewrites-chunk-system 0.3.4.0.0+1.21.8
	   |-- c2me-rewrites-chunkio 0.3.4.0.0+1.21.8
	   |-- c2me-server-utils 0.3.4.0.0+1.21.8
	   |-- c2me-threading-lighting 0.3.4.0.0+1.21.8
	   |-- com_ibm_async_asyncutil 0.1.0
	   |-- io_reactivex_rxjava3_rxjava 3.1.8
	   |-- mixinsquared 0.2.0-beta.6
	   |-- net_objecthunter_exp4j 0.4.8
	   |-- org_jctools_jctools-core 4.0.5
	   \-- org_reactivestreams_reactive-streams 1.0.4
	- cardinal-components 7.0.0-beta.1
	   |-- cardinal-components-base 7.0.0-beta.1
	   |-- cardinal-components-block 7.0.0-beta.1
	   |-- cardinal-components-chunk 7.0.0-beta.1
	   |-- cardinal-components-entity 7.0.0-beta.1
	   |-- cardinal-components-item 7.0.0-beta.1
	   |-- cardinal-components-level 7.0.0-beta.1
	   |-- cardinal-components-scoreboard 7.0.0-beta.1
	   \-- cardinal-components-world 7.0.0-beta.1
	- cloth-config 19.0.147
	   \-- cloth-basic-math 0.6.1
	- creativecore 2.14.7
	   \-- net_neoforged_bus 7.2.0
	- cristellib 2.0.3
	   \-- blue_endless_jankson 1.2.3
	- distanthorizons 2.3.4-b
	   |-- fabric-key-binding-api-v1 1.0.65+946bf4c3f3
	   |-- fabric-rendering-v1 12.4.0+e8d43c76f3
	   \-- fabric-screen-api-v1 2.1.0+277ecf7df3
	- fabric-api 0.134.0+1.21.8
	   |-- fabric-api-base 0.5.0+cd8c0daa2c
	   |-- fabric-api-lookup-api-v1 1.6.101+946bf4c32c
	   |-- fabric-biome-api-v1 16.1.0+c21d71cc2c
	   |-- fabric-block-api-v1 1.1.3+946bf4c32c
	   |-- fabric-block-view-api-v2 1.0.31+946bf4c32c
	   |-- fabric-command-api-v2 2.3.1+52fff9ec2c
	   |-- fabric-content-registries-v0 10.1.0+c75de69d2c
	   |-- fabric-convention-tags-v1 2.1.41+7f945d5b2c
	   |-- fabric-convention-tags-v2 2.15.6+eb5df52f2c
	   |-- fabric-crash-report-info-v1 0.3.15+946bf4c32c
	   |-- fabric-data-attachment-api-v1 1.8.13+38b5f74e2c
	   |-- fabric-data-generation-api-v1 23.2.7+2e1c6d322c
	   |-- fabric-dimensions-v1 4.0.20+948fc79a2c
	   |-- fabric-entity-events-v1 2.1.2+c9e472732c
	   |-- fabric-events-interaction-v0 4.0.25+946bf4c32c
	   |-- fabric-game-rule-api-v1 1.0.73+c64c9c5b2c
	   |-- fabric-item-api-v1 11.5.0+02ce13f42c
	   |-- fabric-item-group-api-v1 4.2.14+c5f9bbc12c
	   |-- fabric-key-binding-api-v1 1.0.65+946bf4c32c
	   |-- fabric-lifecycle-events-v1 2.6.4+db4dfd852c
	   |-- fabric-loot-api-v2 3.0.56+3f89f5a52c
	   |-- fabric-loot-api-v3 2.0.3+946bf4c32c
	   |-- fabric-message-api-v1 6.1.2+946bf4c32c
	   |-- fabric-model-loading-api-v1 5.2.7+946bf4c32c
	   |-- fabric-networking-api-v1 5.0.3+4ddbf91b2c
	   |-- fabric-object-builder-api-v1 21.1.9+946bf4c32c
	   |-- fabric-particles-v1 4.1.9+946bf4c32c
	   |-- fabric-recipe-api-v1 8.1.16+946bf4c32c
	   |-- fabric-registry-sync-v0 6.1.29+946bf4c32c
	   |-- fabric-renderer-api-v1 7.0.4+208eed172c
	   |-- fabric-renderer-indigo 4.0.4+946bf4c32c
	   |-- fabric-rendering-fluids-v1 3.1.31+fa6cb72b2c
	   |-- fabric-rendering-v1 12.5.1+fbe231d52c
	   |-- fabric-resource-conditions-api-v1 5.0.25+98e6d6db2c
	   |-- fabric-resource-loader-v0 3.1.12+020423442c
	   |-- fabric-screen-api-v1 2.2.0+e0cb65d02c
	   |-- fabric-screen-handler-api-v1 1.3.138+946bf4c32c
	   |-- fabric-serialization-api-v1 1.0.0+fc0e5aba2c
	   |-- fabric-sound-api-v1 1.0.42+946bf4c32c
	   |-- fabric-tag-api-v1 1.2.2+946bf4c32c
	   |-- fabric-transfer-api-v1 6.0.6+946bf4c32c
	   \-- fabric-transitive-access-wideners-v1 6.5.0+c847ce762c
	- fabricloader 0.17.2
	   \-- mixinextras 0.5.0
	- glitchcore 21.8.0.0
	   |-- com_electronwill_night-config_core 3.6.7
	   |-- com_electronwill_night-config_toml 3.6.7
	   \-- net_jodah_typetools 0.6.3
	- java 21
	- lithium 0.18.1+mc1.21.8
	- lithostitched 1.4.11
	- lootr fabric-1.21.8-1.16.39.95
	- minecart-trains 1.0.0
	- minecraft 1.21.8
	- mr_rail_reciperebalance 0.1.0
	- roughlyenoughitems 20.0.811
	   \-- error_notifier 1.0.11
	- t_and_t 1.13.5
	- tectonic 3.0.13
	- terrablender 6.0.0.3
	   |-- com_electronwill_night-config_core 3.6.7
	   \-- com_electronwill_night-config_toml 3.6.7
	- tool_trims 2.3.4
	- travelersbackpack 10.8.3
	- waystones 21.8.5
	- xaerominimap 25.2.12
	- xaeroworldmap 1.39.13
[08:46:46] [main/INFO]: SpongePowered MIXIN Subsystem Version=0.8.7 Source=file:/workspaces/codespaces-blank/minecraft-extra-mods/libraries/net/fabricmc/sponge-mixin/0.16.3+mixin.0.8.7/sponge-mixin-0.16.3+mixin.0.8.7.jar Service=Knot/Fabric Env=SERVER
[08:46:46] [main/INFO]: Compatibility level set to JAVA_16
[08:46:46] [main/INFO]: Compatibility level set to JAVA_17
[08:46:46] [main/INFO]: Compatibility level set to JAVA_21
[08:46:46] [main/INFO]: Initializing com.ishland.c2me.base.mixin
[08:46:46] [main/INFO]: Global Executor Parallelism: 3 configured, 3 evaluated, 3 default evaluated
[08:46:46] [main/INFO]: Initializing com.ishland.c2me.fixes.chunkio.threading_issues.mixin
[08:46:46] [main/INFO]: Initializing com.ishland.c2me.fixes.general.threading_issues.mixin
[08:46:46] [main/INFO]: Initializing com.ishland.c2me.fixes.worldgen.threading_issues.mixin
[08:46:46] [main/INFO]: Initializing com.ishland.c2me.fixes.worldgen.vanilla_bugs.mixin
[08:46:46] [main/INFO]: Initializing com.ishland.c2me.notickvd.mixin
[08:46:46] [main/INFO]: Initializing com.ishland.c2me.opts.allocs.mixin
[08:46:46] [main/INFO]: Initializing com.ishland.c2me.opts.chunkio.mixin
[08:46:46] [main/INFO]: Initializing com.ishland.c2me.opts.dfc.mixin
[08:46:46] [main/INFO]: Initializing com.ishland.c2me.opts.math.mixin
[08:46:46] [main/INFO]: Initializing com.ishland.c2me.opts.scheduling.mixin
[08:46:46] [main/INFO]: Initializing com.ishland.c2me.opts.worldgen.general.mixin
[08:46:46] [main/INFO]: Initializing com.ishland.c2me.opts.worldgen.vanilla.mixin
[08:46:46] [main/INFO]: Initializing com.ishland.c2me.rewrites.chunk_serializer.mixin
[08:46:46] [main/INFO]: Disabling config ioSystem.gcFreeChunkSerializer: Incompatible with architectury@17.0.8 (*) (defined in c2me)
[08:46:46] [main/INFO]: Disabling com.ishland.c2me.rewrites.chunk_serializer.mixin
[08:46:46] [main/INFO]: Initializing com.ishland.c2me.rewrites.chunksystem.mixin
[08:46:46] [main/INFO]: Initializing com.ishland.c2me.rewrites.chunkio.mixin
[08:46:46] [main/INFO]: Initializing com.ishland.c2me.server.utils.mixin
[08:46:46] [main/INFO]: Initializing com.ishland.c2me.threading.lighting.mixin
[08:46:46] [main/WARN]: Reference map 'cristellib-common-common-refmap.json' for cristellib-common.mixins.json could not be read. If this is a development environment you can ignore this message
[08:46:46] [main/INFO]: Loaded configuration file for Lithium: 164 options available, 0 override(s) found.
[08:46:47] [main/WARN]: Error loading class: ca/spottedleaf/starlight/common/thread/SchedulingUtil (java.lang.ClassNotFoundException: ca/spottedleaf/starlight/common/thread/SchedulingUtil)
[08:46:47] [main/WARN]: Error loading class: net/fabricmc/fabric/api/client/rendering/v1/EntityModelLayerRegistry$TexturedModelDataProvider (java.lang.ClassNotFoundException: net/fabricmc/fabric/api/client/rendering/v1/EntityModelLayerRegistry$TexturedModelDataProvider)
[08:46:47] [main/INFO]: Initializing MixinExtras via com.llamalad7.mixinextras.service.MixinExtrasServiceImpl(version=0.5.0).
[08:46:56] [main/INFO]: Registering C2S receiver with id roughlyenoughitems:request_tags_c2s
[08:46:56] [main/INFO]: [REI] Registered plugin provider DefaultPlugin [roughlyenoughitems] for REICommonPlugin
[08:46:56] [main/INFO]: [REI] Registered plugin provider DefaultRuntimePlugin [roughlyenoughitems] for REICommonPlugin
[08:46:56] [main/INFO]: [REI] Registered plugin provider FabricFluidAPISupportPlugin for REICommonPlugin
[08:46:56] [main/INFO]: Registering C2S receiver with id roughlyenoughitems:delete_item
[08:46:56] [main/INFO]: Registering C2S receiver with id roughlyenoughitems:create_item
[08:46:56] [main/INFO]: Registering C2S receiver with id roughlyenoughitems:create_item_grab
[08:46:56] [main/INFO]: Registering C2S receiver with id roughlyenoughitems:create_item_hotbar
[08:46:56] [main/INFO]: Registering C2S receiver with id roughlyenoughitems:move_items_new
[08:46:56] [main/INFO]: Registered region minecraft:overworld to index 0 for type OVERWORLD
[08:46:56] [main/INFO]: Registered region minecraft:nether to index 0 for type NETHER
[08:46:56] [main/INFO]: Registered region biomesoplenty:overworld_primary to index 1 for type OVERWORLD
[08:46:56] [main/INFO]: Registered region biomesoplenty:overworld_secondary to index 2 for type OVERWORLD
[08:46:56] [main/INFO]: Registered region biomesoplenty:overworld_rare to index 3 for type OVERWORLD
[08:46:56] [main/INFO]: Registered region biomesoplenty:nether_common to index 1 for type NETHER
[08:46:56] [main/INFO]: Registered region biomesoplenty:nether_rare to index 2 for type NETHER
[08:46:57] [main/INFO]: Registered the FluidEffect with Unique ID of minecraft:water for Water (Fluid Amount Required: 81000) with the ID 0
[08:46:57] [main/INFO]: Registered the FluidEffect with Unique ID of minecraft:lava for Lava (Fluid Amount Required: 81000) with the ID 1
[08:46:57] [main/INFO]: Registered the FluidEffect with Unique ID of travelersbackpack:potion for block.travelersbackpack.potion_still (Fluid Amount Required: 27000) with the ID 2
[08:46:57] [main/INFO]: Registered the FluidEffect with Unique ID of minecraft:milk for Air (Fluid Amount Required: 81000) with the ID 3
[08:46:57] [main/INFO]: Initializing Distant Horizons server, firing DhApiBeforeDhInitEvent event...
[08:46:57] [main/INFO]: Distant Horizons, Version: 2.3.4-b
[08:46:57] [main/INFO]: Registering Fabric Server Events
[08:46:57] [main/INFO]: Distant Horizons server Initialized, adding event subscribers...
[08:46:57] [main/INFO]: Loading Xaero's Minimap - Stage 1/2 (Server)
[08:46:57] [main/INFO]: Loading Xaero's World Map - Stage 1/2 (Server)
[08:46:57] [main/INFO]: Environment: Environment[sessionHost=https://sessionserver.mojang.com, servicesHost=https://api.minecraftservices.com, name=PROD]
[08:46:59] [Worker-Main-1/ERROR]: Couldn't parse data file 'copperrails:copper_rail' from 'copperrails:recipe/copper_rail.json': DataResult.Error['Unknown registry key in ResourceKey[minecraft:root / minecraft:item]: copperrails:copper_rail']
[08:46:59] [Worker-Main-1/ERROR]: Couldn't parse data file 'create:crafting/kinetics/controller_rail' from 'create:recipe/crafting/kinetics/controller_rail.json': DataResult.Error['Unknown registry key in ResourceKey[minecraft:root / minecraft:item]: create:controller_rail; Map entry 'E' : Failed to parse either. First: Not a JSON object: ["create:electron_tube"]; Second: Unknown registry key in ResourceKey[minecraft:root / minecraft:item]: create:electron_tube; List must have contents']
[08:47:00] [Worker-Main-1/ERROR]: Couldn't parse data file 'copperrails:rail_crossing' from 'copperrails:recipe/rail_crossing.json': DataResult.Error['Unknown registry key in ResourceKey[minecraft:root / minecraft:item]: copperrails:rail_crossing']
[08:47:00] [main/INFO]: Loaded 1932 recipes
[08:47:00] [main/INFO]: Loaded 2081 advancements
[08:47:00] [main/INFO]: Initialized TerraBlender biomes for level stem minecraft:the_nether
[08:47:01] [main/INFO]: Initialized TerraBlender biomes for level stem minecraft:overworld
[08:47:01] [main/INFO]: Applied 63 biome modifications to 63 of 134 new biomes in 13.24 ms
[08:47:01] [Server thread/INFO]: Initialising config for DistantHorizons
[08:47:01] [Server thread/INFO]: Config for DistantHorizons initialised
[08:47:01] [Server thread/INFO]: Running Delayed setup...
[08:47:01] [Server thread/INFO]: Delayed setup complete, firing DhApiAfterDhInitEvent event...
[08:47:01] [Server thread/INFO]: Checking for Distant Horizons update
[08:47:02] [Server thread/INFO]: Distant Horizons already up to date.
[08:47:02] [Server thread/INFO]: Distant Horizons server Initialized at 
[08:47:02] [Server thread/INFO]: Started [DhServerWorld] of type [SERVER_ONLY].
[08:47:02] [Server thread/INFO]: Starting minecraft server version 1.21.8
[08:47:02] [Server thread/INFO]: Loading properties
[08:47:02] [Server thread/INFO]: Default game type: SURVIVAL
[08:47:02] [Server thread/INFO]: Generating keypair
[08:47:02] [Server thread/INFO]: Starting Minecraft server on *:25565
[08:47:02] [Server thread/INFO]: Using epoll channel type
[08:47:02] [Server thread/WARN]: **** SERVER IS RUNNING IN OFFLINE/INSECURE MODE!
[08:47:02] [Server thread/WARN]: The server will make no attempt to authenticate usernames. Beware.
[08:47:02] [Server thread/WARN]: While this makes the game possible to play without internet access, it also opens up the ability for hackers to connect with any username they choose.
[08:47:02] [Server thread/WARN]: To change this, set "online-mode" to "true" in the server.properties file.
[08:47:02] [Server thread/INFO]: Preparing level "world"
[08:47:02] [Server thread/INFO]: Enforcing safe world random access
[08:47:04] [Server thread/INFO]: [STDOUT]: Density function compilation finished in 796.8 ms
[08:47:04] [Server thread/INFO]: Using TheSpeedyObjectFactory with Unsafe
[08:47:04] [DH-ApplyConfigPresetTimer/INFO]: changing preset to: BALANCED
[08:47:04] [DH-ApplyConfigPresetTimer/INFO]: changing preset to: MEDIUM
[08:47:04] [DH-ApplyConfigPresetTimer/INFO]: preset active: BALANCED
[08:47:04] [DH-ApplyConfigPresetTimer/INFO]: preset active: MEDIUM
[08:47:04] [DH-Full Data Migration Thread[0]/INFO]: Attempting to migrate data sources for: [minecraft:overworld]-[./world/data]...
[08:47:04] [DH-Full Data Migration Thread[0]/INFO]: Found [0] data sources that need migration.
[08:47:04] [Server thread/INFO]: Started DhServerLevel for [Wrapped{ServerLevel[world]@minecraft:overworld}] at [[LocalSaveStructure@(./world/data)]].
[08:47:04] [DH-Full Data Migration Thread[0]/INFO]: No migration necessary.
[08:47:04] [Server thread/INFO]: [STDOUT]: Density function compilation finished in 15.98 ms
[08:47:04] [DH-Full Data Migration Thread[0]/INFO]: Attempting to migrate data sources for: [minecraft:the_nether]-[./world/DIM-1/data]...
[08:47:04] [DH-Full Data Migration Thread[0]/INFO]: Found [0] data sources that need migration.
[08:47:04] [DH-Full Data Migration Thread[0]/INFO]: No migration necessary.
[08:47:04] [Server thread/INFO]: Started DhServerLevel for [Wrapped{ServerLevel[world]@minecraft:the_nether}] at [[LocalSaveStructure@(./world/data;./world/DIM-1/data)]].
[08:47:04] [Server thread/INFO]: [STDOUT]: Density function compilation finished in 13.07 ms
[08:47:04] [DH-Full Data Migration Thread[0]/INFO]: Attempting to migrate data sources for: [minecraft:the_end]-[./world/DIM1/data]...
[08:47:04] [DH-Full Data Migration Thread[0]/INFO]: Found [0] data sources that need migration.
[08:47:04] [DH-Full Data Migration Thread[0]/INFO]: No migration necessary.
[08:47:04] [Server thread/INFO]: Started DhServerLevel for [Wrapped{ServerLevel[world]@minecraft:the_end}] at [[LocalSaveStructure@(./world/data;./world/DIM1/data;./world/DIM-1/data)]].
[08:47:04] [Server thread/INFO]: Preparing start region for dimension minecraft:overworld
[08:47:11] [c2me-worker-2/INFO]: Preparing spawn area: 0%
[08:47:11] [c2me-worker-0/INFO]: Preparing spawn area: 0%
[08:47:11] [c2me-worker-2/INFO]: Preparing spawn area: 0%
[08:47:11] [c2me-worker-0/INFO]: Preparing spawn area: 0%
[08:47:11] [c2me-worker-2/INFO]: Preparing spawn area: 0%
[08:47:11] [c2me-worker-2/INFO]: Preparing spawn area: 0%
[08:47:11] [c2me-worker-2/INFO]: Preparing spawn area: 0%
[08:47:11] [c2me-worker-1/INFO]: Preparing spawn area: 0%
[08:47:11] [c2me-worker-2/INFO]: Preparing spawn area: 0%
[08:47:11] [c2me-worker-0/INFO]: Preparing spawn area: 0%
[08:47:11] [c2me-worker-2/INFO]: Preparing spawn area: 0%
[08:47:11] [c2me-worker-1/INFO]: Preparing spawn area: 0%
[08:47:11] [c2me-worker-0/INFO]: Preparing spawn area: 0%
[08:47:11] [minecraft_overworld - Light/INFO]: Preparing spawn area: 0%
[08:47:12] [c2me-worker-0/INFO]: Preparing spawn area: 44%
[08:47:12] [minecraft_overworld - Light/INFO]: Preparing spawn area: 67%
[08:47:12] [Server thread/INFO]: Time elapsed: 7959 ms
[08:47:12] [Server thread/INFO]: Done (10.211s)! For help, type "help"
[08:47:12] [Server thread/INFO]: [REI] ----------------------------------------
[08:47:12] [Server thread/INFO]: [REI] REICommonPlugin starting main-reload for START.
[08:47:12] [Server thread/INFO]: [REI] Plugins (3):
[08:47:12] [Server thread/INFO]: [REI]  - (-100.00) DefaultPlugin of DefaultPlugin [roughlyenoughitems]
[08:47:12] [Server thread/INFO]: [REI]  - (0.00) FabricFluidAPISupportPlugin
[08:47:12] [Server thread/INFO]: [REI]  - (0.00) DefaultRuntimePlugin of DefaultRuntimePlugin [roughlyenoughitems]
[08:47:12] [Server thread/INFO]: [REI] ----------------------------------------
[08:47:13] [Server thread/INFO]: [REI] REICommonPlugin finished post-reload for START in 2.167 ms, totaling 76.46 ms.
[08:47:13] [Server thread/INFO]: [REI] ****************************************
[08:47:13] [Server thread/INFO]: [REI] REICommonPlugin starting main-reload for END.
[08:47:13] [Server thread/INFO]: [REI] Plugins (3):
[08:47:13] [Server thread/INFO]: [REI]  - (-100.00) DefaultPlugin of DefaultPlugin [roughlyenoughitems]
[08:47:13] [Server thread/INFO]: [REI]  - (0.00) FabricFluidAPISupportPlugin
[08:47:13] [Server thread/INFO]: [REI]  - (0.00) DefaultRuntimePlugin of DefaultRuntimePlugin [roughlyenoughitems]
[08:47:13] [Server thread/INFO]: [REI] ****************************************
[08:47:13] [Server thread/INFO]: [REI] REICommonPlugin finished post-reload for END in 1.458 ms, totaling 82.26 ms.
[08:47:13] [Server thread/INFO]: Loading Xaero's Minimap - Stage 2/2 (Server)
[08:47:13] [Server thread/INFO]: Loading Xaero's World Map - Stage 2/2 (Server)
[08:47:13] [Server thread/INFO]: DH TerraFirmaCraft detection: false
[08:47:13] [Server thread/INFO]: ================WORLD_GEN_STEP_INITING=============
[08:47:13] [Server thread/INFO]: C2ME detected: DH's pre-existing chunk accessing will use methods handled by C2ME.
[08:47:13] [Server thread/INFO]: Batch Chunk Generator initialized
[08:47:13] [Server thread/INFO]: Creating world gen queue
[08:47:13] [Server thread/INFO]: Created world gen queue
[08:47:13] [Server thread/INFO]: Set world gen queue for level [minecraft:overworld].
[08:47:13] [Server thread/INFO]: ================WORLD_GEN_STEP_INITING=============
[08:47:13] [Server thread/INFO]: C2ME detected: DH's pre-existing chunk accessing will use methods handled by C2ME.
[08:47:13] [Server thread/INFO]: Batch Chunk Generator initialized
[08:47:13] [Server thread/INFO]: Creating world gen queue
[08:47:13] [Server thread/INFO]: Created world gen queue
[08:47:13] [Server thread/INFO]: Set world gen queue for level [minecraft:the_end].
[08:47:13] [Server thread/INFO]: ================WORLD_GEN_STEP_INITING=============
[08:47:13] [Server thread/INFO]: C2ME detected: DH's pre-existing chunk accessing will use methods handled by C2ME.
[08:47:13] [Server thread/INFO]: Batch Chunk Generator initialized
[08:47:13] [Server thread/INFO]: Creating world gen queue
[08:47:13] [Server thread/INFO]: Created world gen queue
[08:47:13] [Server thread/INFO]: Set world gen queue for level [minecraft:the_nether].
[08:47:37] [Server thread/ERROR]: Failed to parse statistics for ./world/stats/f5d1fdcf-5ccc-3cae-9df7-279047939e3a.json: Unknown registry key in ResourceKey[minecraft:root / minecraft:block]: biomesoplenty:red_maple_leaf_pile; Unknown registry key in ResourceKey[minecraft:root / minecraft:block]: biomesoplenty:bush; Unknown registry key in ResourceKey[minecraft:root / minecraft:block]: biomesoplenty:wildflower missed input: {"biomesoplenty:wildflower":11,"biomesoplenty:bush":12,"biomesoplenty:red_maple_leaf_pile":1}; Unknown registry key in ResourceKey[minecraft:root / minecraft:item]: biomesoplenty:wildflower missed input: {"biomesoplenty:wildflower":6}; Unknown registry key in ResourceKey[minecraft:root / minecraft:item]: biomesoplenty:wildflower missed input: {"biomesoplenty:wildflower":20} missed input: {"minecraft:picked_up":{"minecraft:wooden_axe":1,"minecraft:iron_chestplate":4,"minecraft:anvil":1,"biomesoplenty:cut_black_sandstone":5,"minecraft:creeper_head":1,"minecraft:flower_pot":4,"minecraft:lead":16,"minecraft:diamond_sword":6,"minecraft:stone_slab":1,"biomesoplenty:red_maple_sapling":1,"minecraft:brown_bed":2,"minecraft:wither_rose":4,"minecraft:enchanted_book":9,"minecraft:birch_button":1,"minecraft:brewing_stand":3,"minecraft:golden_sword":1,"minecraft:amethyst_block":7,"minecraft:string":202,"minecraft:soul_soil":14,"biomesoplenty:tall_lavender":12,"biomesoplenty:white_lavender":7,"biomesoplenty:maple_door":2,"minecraft:shroomlight":3,"minecraft:diamond_leggings":5,"minecraft:gold_nugget":425,"minecraft:cobbled_deepslate":598,"minecraft:black_glazed_terracotta":34,"minecraft:trial_key":36,"minecraft:hopper_minecart":15,"minecraft:enchanted_golden_apple":2,"biomesoplenty:redwood_wood":22,"minecraft:coal_block":8,"minecraft:dark_oak_door":4,"minecraft:composter":1,"minecraft:lightning_rod":3,"minecraft:cherry_log":29,"minecraft:waxed_weathered_copper_bulb":1,"minecraft:waxed_copper_grate":25,"minecraft:cauldron":2,"minecraft:stone_sword":4,"minecraft:honey_bottle":9,"biomesoplenty:rose_quartz_chunk":12,"minecraft:polished_basalt":1,"minecraft:iron_block":38,"minecraft:carved_pumpkin":3,"minecraft:cyan_terracotta":156,"minecraft:white_terracotta":15,"minecraft:blaze_rod":10,"minecraft:iron_bars":5,"biomesoplenty:lavender":138,"minecraft:birch_log":563,"travelersbackpack:iron_golem":3,"minecraft:magma_block":22,"minecraft:cooked_beef":90,"minecraft:feather":2,"minecraft:iron_door":6,"minecraft:birch_slab":78,"minecraft:water_bucket":5,"biomesoplenty:dried_salt":10,"minecraft:smoker":2,"biomesoplenty:fir_log":29,"minecraft:flint":53,"travelersbackpack:ocelot":1,"minecraft:lantern":18,"lootr:trophy":4,"minecraft:chipped_anvil":4,"minecraft:gray_terracotta":25,"minecraft:stonecutter":1,"minecraft:dark_oak_sign":2,"minecraft:guster_banner_pattern":1,"minecraft:rabbit":1,"minecraft:diamond_helmet":6,"minecraft:glowstone_dust":43,"minecraft:moss_block":1,"biomesoplenty:pine_sapling":1,"minecraft:chiseled_polished_blackstone":2,"minecraft:warped_wart_block":1,"minecraft:dropper":5,"minecraft:ink_sac":10,"minecraft:loom":1,"minecraft:dark_oak_log":47,"biomesoplenty:snowblossom_leaves":174,"minecraft:red_terracotta":14,"biomesoplenty:hellbark_log":17,"biomesoplenty:glowflower":1,"minecraft:quartz_bricks":7,"minecraft:lever":19,"minecraft:writable_book":1,"minecraft:granite":31,"minecraft:bread":38,"minecraft:light_gray_carpet":4,"minecraft:bricks":64,"minecraft:dark_oak_fence":39,"minecraft:ominous_trial_key":22,"minecraft:diamond_pickaxe":10,"biomesoplenty:redwood_log":2,"minecraft:crafting_table":34,"minecraft:mud":6,"minecraft:coarse_dirt":93,"minecraft:ominous_bottle":3,"minecraft:nether_wart":57,"biomesoplenty:jacaranda_sapling":3,"minecraft:music_disc_creator":5,"minecraft:wind_charge":43,"minecraft:heavy_weighted_pressure_plate":5,"biomesoplenty:fir_door":2,"minecraft:red_bed":4,"minecraft:flow_banner_pattern":3,"minecraft:iron_shovel":2,"minecraft:cracked_stone_bricks":10,"minecraft:beef":36,"minecraft:chiseled_tuff":15,"minecraft:minecart":70,"minecraft:iron_nugget":289,"minecraft:poppy":80,"minecraft:spruce_slab":2,"minecraft:guster_pottery_sherd":9,"minecraft:quartz_stairs":4,"minecraft:chest":73,"minecraft:birch_sapling":56,"minecraft:waxed_oxidized_copper":4,"minecraft:egg":16,"minecraft:sandstone":4,"minecraft:stone":28,"minecraft:cut_red_sandstone_slab":5,"minecraft:fire_charge":37,"minecraft:flow_pottery_sherd":6,"minecraft:carrot":533,"minecraft:redstone":518,"minecraft:stone_shovel":1,"minecraft:diamond_chestplate":9,"biomesoplenty:jacaranda_log":18,"minecraft:decorated_pot":8,"minecraft:beetroot_seeds":8,"minecraft:peony":27,"minecraft:cut_copper":15,"minecraft:shears":6,"minecraft:diamond_boots":5,"minecraft:hay_block":43,"minecraft:waxed_oxidized_cut_copper_stairs":2,"minecraft:yellow_terracotta":5,"minecraft:gold_ingot":8,"minecraft:flow_armor_trim_smithing_template":1,"minecraft:totem_of_undying":4,"minecraft:tuff_bricks":195,"minecraft:mutton":25,"minecraft:bone_block":35,"minecraft:white_wool":18,"minecraft:rail":139,"biomesoplenty:orange_sand":199,"biomesoplenty:black_sandstone":456,"minecraft:smooth_red_sandstone_stairs":4,"minecraft:mud_bricks":134,"minecraft:smooth_red_sandstone":9,"minecraft:red_glazed_terracotta":3,"minecraft:acacia_wood":2,"minecraft:red_mushroom":9,"minecraft:crafter":4,"minecraft:packed_mud":22,"biomesoplenty:pine_door":2,"minecraft:oak_log":20,"minecraft:golden_boots":3,"minecraft:paper":36,"minecraft:blue_bed":3,"travelersbackpack:sheep":1,"minecraft:white_banner":4,"minecraft:stone_bricks":112,"minecraft:light_gray_glazed_terracotta":37,"biomesoplenty:maple_log":16,"minecraft:stone_pickaxe":1,"biomesoplenty:magic_log":110,"minecraft:glass_bottle":22,"minecraft:gray_bed":2,"minecraft:iron_sword":4,"minecraft:dark_oak_stairs":10,"minecraft:smooth_basalt":5,"minecraft:milk_bucket":1,"minecraft:sweet_berries":17,"minecraft:waxed_exposed_copper_bulb":2,"minecraft:spyglass":3,"minecraft:light_blue_glazed_terracotta":10,"minecraft:gravel":251,"minecraft:spruce_sapling":1,"minecraft:spruce_log":3,"minecraft:crying_obsidian":3,"minecraft:polished_tuff":40,"travelersbackpack:standard":6,"minecraft:slime_ball":76,"minecraft:polished_diorite":6,"minecraft:copper_grate":32,"minecraft:diamond_axe":5,"minecraft:painting":4,"minecraft:birch_sign":3,"minecraft:gray_wool":2,"minecraft:oak_button":4,"minecraft:baked_potato":17,"minecraft:hopper":23,"minecraft:ender_pearl":3,"minecraft:chiseled_deepslate":4,"biomesoplenty:burning_blossom":5,"minecraft:wheat":166,"travelersbackpack:bat":1,"minecraft:nether_brick_fence":1,"minecraft:iron_trapdoor":1,"minecraft:potion":18,"minecraft:stone_brick_stairs":22,"travelersbackpack:emerald":9,"biomesoplenty:chiseled_black_sandstone":2,"minecraft:waxed_cut_copper_slab":2,"minecraft:raw_copper":225,"minecraft:iron_leggings":1,"travelersbackpack:quartz":5,"minecraft:red_candle":20,"minecraft:zombie_head":1,"biomesoplenty:brimstone":24,"minecraft:smooth_red_sandstone_slab":3,"minecraft:deepslate_tiles":2,"biomesoplenty:redwood_slab":29,"minecraft:smooth_stone":54,"minecraft:bucket":1,"minecraft:eye_armor_trim_smithing_template":1,"minecraft:redstone_torch":23,"minecraft:calcite":16,"minecraft:iron_pickaxe":7,"minecraft:iron_boots":1,"minecraft:furnace":21,"biomesoplenty:rose_quartz_block":10,"minecraft:tipped_arrow":197,"minecraft:stick":130,"minecraft:brown_terracotta":3,"minecraft:oak_fence":3,"minecraft:torch":484,"minecraft:porkchop":34,"minecraft:pointed_dripstone":19,"minecraft:diorite":142,"minecraft:copper_door":12,"minecraft:rotten_flesh":300,"biomesoplenty:white_petals":3,"minecraft:obsidian":37,"minecraft:blaze_powder":30,"minecraft:cobblestone":4258,"minecraft:pink_petals":14,"biomesoplenty:stripped_pine_log":3,"minecraft:lilac":16,"minecraft:repeater":8,"minecraft:cherry_planks":6,"minecraft:warped_fungus_on_a_stick":2,"minecraft:andesite":158,"minecraft:mud_brick_stairs":8,"minecraft:black_bed":1,"minecraft:chiseled_quartz_block":1,"minecraft:potato":47,"minecraft:tuff":86,"minecraft:wither_skeleton_skull":4,"minecraft:lapis_lazuli":294,"minecraft:dirt":1967,"minecraft:name_tag":1,"travelersbackpack:bookshelf":2,"minecraft:bone":355,"minecraft:acacia_planks":3,"minecraft:bow":14,"minecraft:wheat_seeds":709,"minecraft:raw_gold":115,"minecraft:grindstone":12,"minecraft:bolt_armor_trim_smithing_template":1,"minecraft:mossy_stone_bricks":11,"minecraft:fletching_table":2,"minecraft:powered_rail":30,"minecraft:scrape_pottery_sherd":6,"minecraft:oak_planks":30,"minecraft:cooked_porkchop":71,"minecraft:waxed_chiseled_copper":12,"minecraft:sand":132,"minecraft:nether_brick_stairs":1,"minecraft:grass_block":1,"minecraft:chiseled_sandstone":2,"minecraft:mossy_cobblestone":4,"travelersbackpack:white_sleeping_bag":28,"minecraft:light_gray_terracotta":294,"minecraft:sugar":3,"minecraft:light_blue_terracotta":1314,"minecraft:diamond":94,"biomesoplenty:mossy_black_sand":8,"minecraft:waxed_oxidized_copper_grate":12,"minecraft:cracked_polished_blackstone_bricks":16,"minecraft:crossbow":3,"minecraft:breeze_rod":78,"minecraft:golden_apple":16,"minecraft:white_concrete":1,"minecraft:emerald":488,"biomesoplenty:pink_daffodil":20,"minecraft:oak_sapling":3,"minecraft:netherrack":740,"biomesoplenty:stripped_jacaranda_log":1,"minecraft:mud_brick_slab":4,"minecraft:waxed_oxidized_cut_copper":2,"minecraft:azure_bluet":3,"minecraft:splash_potion":1,"minecraft:chicken":1,"minecraft:ladder":18,"minecraft:brown_mushroom":10,"biomesoplenty:flesh":16,"minecraft:wooden_pickaxe":5,"minecraft:gold_block":5,"minecraft:chain":17,"minecraft:shield":11,"minecraft:brick":233,"minecraft:stone_stairs":8,"minecraft:moss_carpet":1,"minecraft:iron_axe":15,"minecraft:birch_fence":13,"minecraft:item_frame":9,"biomesoplenty:hellbark_sapling":1,"minecraft:blackstone":201,"biomesoplenty:black_sand":309,"minecraft:oak_boat":8,"minecraft:observer":20,"minecraft:light_gray_wool":1,"minecraft:lectern":391,"biomesoplenty:wildflower":20,"minecraft:sugar_cane":328,"minecraft:spruce_trapdoor":4,"minecraft:phantom_membrane":11,"minecraft:dark_oak_sapling":2,"minecraft:raw_iron":364,"minecraft:copper_ingot":6,"minecraft:polished_blackstone_bricks":106,"biomesoplenty:tall_white_lavender":40,"biomesoplenty:blackstone_spines":12,"minecraft:quartz_pillar":29,"minecraft:trident":6,"minecraft:dark_oak_planks":47,"biomesoplenty:redwood_planks":29,"minecraft:arrow":722,"biomesoplenty:eyebulb":2,"minecraft:nether_bricks":30,"travelersbackpack:void_upgrade":5,"minecraft:saddle":5,"minecraft:skeleton_skull":4,"minecraft:dark_oak_button":2,"minecraft:basalt":134,"minecraft:golden_carrot":93,"travelersbackpack:melon":1,"minecraft:glow_ink_sac":3,"biomesoplenty:goldenrod":29,"minecraft:leather":53,"minecraft:cut_sandstone":15,"minecraft:birch_planks":129,"minecraft:waxed_copper_bulb":8,"biomesoplenty:pine_log":49,"minecraft:waxed_copper_block":51,"minecraft:chainmail_chestplate":2,"minecraft:yellow_bed":7,"minecraft:gunpowder":32,"minecraft:cobblestone_wall":125,"biomesoplenty:redwood_button":2,"minecraft:orange_terracotta":11,"minecraft:cooked_mutton":34,"minecraft:red_carpet":4,"minecraft:red_sandstone":10,"minecraft:iron_ingot":635,"minecraft:cooked_chicken":33,"minecraft:polished_tuff_slab":5,"minecraft:soul_sand":28,"minecraft:book":139,"minecraft:warped_fungus":4,"minecraft:emerald_block":9,"minecraft:birch_boat":4,"minecraft:pumpkin":2,"minecraft:brush":1,"minecraft:stone_brick_slab":2,"minecraft:quartz":385,"minecraft:dripstone_block":11,"minecraft:magenta_stained_glass_pane":3,"minecraft:amethyst_shard":18,"minecraft:blast_furnace":7,"minecraft:white_bed":20,"minecraft:spruce_door":2,"minecraft:green_carpet":3,"minecraft:spider_eye":38,"minecraft:brick_slab":2,"minecraft:cut_red_sandstone":3,"minecraft:polished_diorite_stairs":28,"biomesoplenty:bramble":6,"minecraft:iron_helmet":3,"minecraft:cherry_sapling":4,"minecraft:terracotta":987,"minecraft:damaged_anvil":1,"minecraft:coal":2805,"minecraft:chiseled_tuff_bricks":71},"minecraft:dropped":{"minecraft:acacia_wood":1,"minecraft:porkchop":6,"minecraft:ominous_bottle":3,"minecraft:lapis_lazuli":8,"minecraft:cooked_beef":23,"minecraft:glow_ink_sac":1,"travelersbackpack:void_upgrade":6,"minecraft:glass_bottle":22,"minecraft:cooked_porkchop":28,"minecraft:warped_fungus_on_a_stick":1,"minecraft:dark_oak_button":2,"minecraft:cracked_stone_bricks":3,"minecraft:saddle":1,"travelersbackpack:iron_tier_upgrade":1,"minecraft:rail":3,"minecraft:item_frame":3,"minecraft:emerald":115,"minecraft:packed_mud":20,"minecraft:dirt":173,"minecraft:birch_fence":9,"biomesoplenty:rose_quartz_block":3,"minecraft:dark_oak_fence":7,"minecraft:scrape_pottery_sherd":2,"minecraft:gold_nugget":114,"minecraft:iron_pickaxe":4,"minecraft:fishing_rod":1,"minecraft:white_wool":6,"minecraft:wheat":21,"minecraft:bone":8,"minecraft:cobbled_deepslate":20,"minecraft:waxed_cut_copper_slab":2,"minecraft:sugar_cane":196,"minecraft:lever":2,"minecraft:iron_nugget":10,"minecraft:birch_sapling":1,"minecraft:pink_dye":4,"minecraft:obsidian":13,"minecraft:rotten_flesh":64,"minecraft:oak_planks":1,"minecraft:quartz_bricks":1,"minecraft:azure_bluet":2,"minecraft:waxed_copper_block":4,"biomesoplenty:white_petals":3,"minecraft:black_glazed_terracotta":19,"minecraft:wind_charge":6,"minecraft:chiseled_deepslate":1,"minecraft:tipped_arrow":32,"minecraft:red_candle":8,"biomesoplenty:wildflower":6,"minecraft:ladder":3,"minecraft:spruce_slab":2,"minecraft:chiseled_tuff":6,"minecraft:warped_wart_block":1,"minecraft:enchanted_book":2,"minecraft:iron_ingot":9,"minecraft:lectern":2,"minecraft:golden_boots":2,"minecraft:wheat_seeds":135,"minecraft:copper_block":3,"minecraft:cobblestone":238,"biomesoplenty:redwood_slab":20,"minecraft:oak_fence":1,"minecraft:light_gray_glazed_terracotta":9,"minecraft:waxed_copper_grate":3,"minecraft:granite":2,"minecraft:spruce_door":2,"minecraft:coal":137,"minecraft:lava_bucket":3,"biomesoplenty:goldenrod":1,"minecraft:ink_sac":6,"minecraft:golden_carrot":137,"travelersbackpack:blank_upgrade":2,"minecraft:diamond_helmet":1,"minecraft:potion":4,"minecraft:pumpkin":2,"minecraft:mud":3,"minecraft:iron_shovel":1,"minecraft:chainmail_leggings":1,"minecraft:string":38,"minecraft:acacia_planks":3,"minecraft:spruce_sapling":1,"minecraft:bricks":57,"minecraft:moss_carpet":1,"minecraft:creeper_head":1,"minecraft:light_blue_glazed_terracotta":4,"minecraft:cobblestone_wall":13,"minecraft:polished_tuff_slab":1,"minecraft:white_terracotta":15,"minecraft:name_tag":3,"minecraft:shears":1,"travelersbackpack:emerald":2,"minecraft:diamond_sword":4,"minecraft:stone":32,"minecraft:peony":11,"minecraft:diamond_pickaxe":8,"minecraft:carved_pumpkin":1,"minecraft:stone_bricks":4,"minecraft:birch_boat":1,"minecraft:bow":5,"minecraft:guster_pottery_sherd":4,"minecraft:brown_mushroom":2,"minecraft:birch_planks":7,"minecraft:dark_oak_stairs":1,"biomesoplenty:pink_daffodil":7,"minecraft:diamond_axe":2,"minecraft:baked_potato":5,"minecraft:decorated_pot":2,"minecraft:leather":10,"travelersbackpack:standard":1,"minecraft:birch_slab":53,"minecraft:cod":5,"minecraft:flint":1,"minecraft:mutton":2,"minecraft:birch_log":55,"minecraft:gold_ingot":10,"minecraft:blackstone":6,"minecraft:gravel":44,"minecraft:spyglass":2,"biomesoplenty:tall_white_lavender":1,"minecraft:red_glazed_terracotta":1,"minecraft:chiseled_tuff_bricks":27,"minecraft:pointed_dripstone":1,"biomesoplenty:blackstone_spines":12,"minecraft:stone_stairs":1,"minecraft:cooked_mutton":2,"minecraft:carrot":25,"minecraft:poppy":1030,"minecraft:trident":5,"minecraft:gunpowder":4,"travelersbackpack:iron_golem":1,"minecraft:chest":1,"minecraft:chainmail_boots":1,"minecraft:birch_button":1,"minecraft:iron_bars":1,"minecraft:arrow":76,"minecraft:basalt":1,"minecraft:powered_rail":1,"minecraft:netherrack":5,"minecraft:splash_potion":2,"biomesoplenty:redwood_door":1,"minecraft:bread":42,"minecraft:cherry_log":5,"minecraft:mossy_cobblestone":2,"biomesoplenty:redwood_wood":3,"minecraft:minecart":7,"minecraft:ominous_trial_key":8,"minecraft:grass_block":1,"minecraft:stick":7,"biomesoplenty:eyebulb":2,"minecraft:milk_bucket":4,"minecraft:diorite":9,"minecraft:torch":150,"minecraft:waxed_copper_bulb":5,"minecraft:mud_brick_stairs":8,"minecraft:waxed_oxidized_copper":1,"minecraft:iron_axe":10,"minecraft:pink_petals":13,"biomesoplenty:chiseled_black_sandstone":1,"minecraft:redstone":49,"minecraft:tuff_bricks":66,"minecraft:sweet_berries":26,"minecraft:flow_pottery_sherd":4,"minecraft:light_gray_terracotta":8,"biomesoplenty:mossy_black_sand":4,"minecraft:light_gray_wool":1,"minecraft:magenta_stained_glass_pane":3,"minecraft:totem_of_undying":1,"minecraft:oak_button":4,"minecraft:trial_key":9,"minecraft:orange_terracotta":2,"minecraft:mud_bricks":134,"minecraft:shield":7,"minecraft:diamond_chestplate":6,"minecraft:andesite":4,"minecraft:quartz_stairs":4,"minecraft:waxed_chiseled_copper":10,"minecraft:spruce_log":1,"minecraft:wooden_pickaxe":1,"minecraft:waxed_oxidized_copper_grate":2,"minecraft:brick":28},"minecraft:mined":{"minecraft:dark_oak_planks":16,"minecraft:cut_red_sandstone_slab":5,"biomesoplenty:mossy_black_sand":9,"minecraft:white_bed":19,"minecraft:cherry_log":32,"minecraft:chiseled_red_sandstone":1,"biomesoplenty:brimstone":26,"minecraft:obsidian":31,"minecraft:carved_pumpkin":3,"biomesoplenty:burning_blossom":7,"minecraft:granite":33,"minecraft:chiseled_polished_blackstone":1,"biomesoplenty:bramble":6,"minecraft:smooth_red_sandstone_stairs":5,"biomesoplenty:eyebulb":1,"biomesoplenty:dried_salt":10,"minecraft:chiseled_tuff_bricks":71,"minecraft:hopper":23,"minecraft:nether_wart":52,"minecraft:spawner":11,"biomesoplenty:pine_log":50,"minecraft:polished_blackstone_bricks":103,"biomesoplenty:tall_lavender":15,"minecraft:magma_block":24,"minecraft:fire":150,"minecraft:cobbled_deepslate":17,"biomesoplenty:lavender":233,"minecraft:moss_carpet":1,"minecraft:pumpkin":8,"minecraft:deepslate_lapis_ore":10,"minecraft:fletching_table":2,"biomesoplenty:hellbark_log":17,"minecraft:nether_brick_stairs":10,"minecraft:smooth_red_sandstone":11,"minecraft:dirt_path":3,"biomesoplenty:redwood_log":2,"biomesoplenty:glowflower":1,"minecraft:oak_stairs":2,"biomesoplenty:webbing":385,"minecraft:green_carpet":3,"biomesoplenty:jacaranda_planks":3,"biomesoplenty:jacaranda_leaves":20,"biomesoplenty:maple_log":16,"minecraft:cut_sandstone":32,"minecraft:brown_mushroom":3,"minecraft:red_bed":4,"biomesoplenty:pine_door":2,"minecraft:smoker":2,"minecraft:soul_fire":88,"minecraft:amethyst_cluster":2,"biomesoplenty:pine_leaves":11,"minecraft:powder_snow":2,"minecraft:torch":92,"biomesoplenty:black_sandstone":526,"minecraft:blast_furnace":7,"minecraft:mud_brick_stairs":10,"minecraft:dead_bush":7,"minecraft:white_stained_glass_pane":2,"biomesoplenty:tall_white_lavender":45,"minecraft:bricks":77,"minecraft:sugar_cane":140,"minecraft:damaged_anvil":1,"minecraft:amethyst_block":7,"minecraft:skeleton_skull":2,"minecraft:polished_diorite_stairs":28,"minecraft:white_terracotta":18,"minecraft:chain":7,"minecraft:waxed_copper_bulb":9,"minecraft:repeater":8,"minecraft:mud":3,"minecraft:light_gray_stained_glass":5,"minecraft:wheat":145,"minecraft:lilac":18,"biomesoplenty:large_rose_quartz_bud":4,"minecraft:waxed_copper_block":60,"minecraft:black_bed":2,"minecraft:warped_fungus":4,"minecraft:stone_brick_stairs":22,"minecraft:wither_rose":4,"biomesoplenty:maple_door":5,"minecraft:loom":1,"biomesoplenty:potted_pink_daffodil":2,"minecraft:smooth_basalt":7,"minecraft:cut_red_sandstone":4,"minecraft:red_mushroom_block":9,"minecraft:stonecutter":1,"travelersbackpack:emerald":6,"minecraft:deepslate":645,"minecraft:suspicious_gravel":1,"minecraft:yellow_terracotta":7,"minecraft:deepslate_tiles":2,"minecraft:mossy_cobblestone":10,"biomesoplenty:desert_grass":35,"minecraft:dark_oak_log":26,"minecraft:crafter":4,"minecraft:nether_bricks":39,"minecraft:dark_oak_fence":35,"minecraft:crimson_roots":1,"biomesoplenty:white_petals":1,"minecraft:redstone_wire":34,"travelersbackpack:bookshelf":2,"biomesoplenty:dead_grass":3,"minecraft:moss_block":2,"minecraft:red_mushroom":6,"travelersbackpack:bat":1,"biomesoplenty:jacaranda_log":19,"minecraft:redstone_ore":5,"minecraft:waxed_oxidized_cut_copper":2,"minecraft:packed_mud":26,"minecraft:waxed_copper_grate":34,"minecraft:red_sandstone":11,"minecraft:acacia_wood":2,"minecraft:andesite":165,"biomesoplenty:flesh":18,"minecraft:chiseled_tuff":10,"biomesoplenty:fir_door":2,"minecraft:potatoes":14,"biomesoplenty:high_grass":737,"minecraft:vine":1,"minecraft:cobblestone_slab":1,"minecraft:rail":99,"minecraft:cut_copper":15,"minecraft:waxed_weathered_copper_bulb":1,"biomesoplenty:rose_quartz_cluster":2,"minecraft:bone_block":38,"minecraft:mud_brick_slab":4,"biomesoplenty:redwood_planks":31,"minecraft:glass_pane":1,"minecraft:soul_sand":20,"minecraft:dandelion":3,"minecraft:stone_brick_slab":4,"minecraft:observer":20,"biomesoplenty:black_sand":258,"minecraft:copper_door":9,"minecraft:copper_grate":1,"biomesoplenty:small_rose_quartz_bud":1,"minecraft:short_grass":2149,"minecraft:emerald_ore":9,"minecraft:dropper":5,"biomesoplenty:high_grass_plant":1457,"minecraft:lightning_rod":4,"minecraft:copper_ore":33,"minecraft:tall_grass":137,"minecraft:smooth_red_sandstone_slab":4,"minecraft:deepslate_gold_ore":59,"minecraft:diorite":150,"minecraft:red_terracotta":15,"biomesoplenty:redwood_slab":18,"minecraft:coarse_dirt":102,"minecraft:cobblestone_wall":28,"minecraft:dark_oak_wall_sign":2,"minecraft:spruce_log":3,"minecraft:birch_leaves":37,"minecraft:quartz_pillar":18,"minecraft:gravel":299,"minecraft:dripstone_block":6,"travelersbackpack:quartz":6,"biomesoplenty:stringy_cobweb":19,"minecraft:cobweb":67,"minecraft:brown_terracotta":4,"minecraft:acacia_planks":3,"minecraft:oak_button":4,"minecraft:polished_blackstone":1,"minecraft:stone_bricks":117,"minecraft:gold_ore":6,"minecraft:chipped_anvil":4,"minecraft:iron_trapdoor":3,"minecraft:fern":85,"minecraft:large_amethyst_bud":2,"minecraft:brewing_stand":4,"minecraft:spruce_trapdoor":4,"minecraft:budding_amethyst":1,"travelersbackpack:iron_golem":2,"minecraft:grass_block":475,"biomesoplenty:rose_quartz_block":11,"minecraft:cracked_polished_blackstone_bricks":14,"minecraft:white_concrete":1,"minecraft:soul_soil":1,"minecraft:polished_diorite":6,"minecraft:mud_bricks":140,"minecraft:composter":1,"minecraft:tuff_bricks":195,"minecraft:gilded_blackstone":8,"biomesoplenty:bramble_leaves":3,"minecraft:smooth_stone":65,"minecraft:glowstone":16,"minecraft:iron_ore":119,"minecraft:polished_tuff":34,"minecraft:anvil":1,"minecraft:azure_bluet":4,"minecraft:dark_oak_stairs":9,"minecraft:brown_bed":1,"biomesoplenty:hanging_cobweb":41,"minecraft:skeleton_wall_skull":1,"minecraft:pointed_dripstone":12,"minecraft:polished_tuff_slab":9,"minecraft:iron_bars":5,"minecraft:birch_wall_sign":1,"minecraft:spruce_slab":2,"biomesoplenty:medium_rose_quartz_bud":1,"minecraft:deepslate_redstone_ore":87,"minecraft:gray_terracotta":26,"lootr:lootr_chest":4,"minecraft:cyan_terracotta":211,"minecraft:blackstone":249,"biomesoplenty:wildflower":11,"minecraft:orange_terracotta":14,"biomesoplenty:chiseled_black_sandstone":2,"biomesoplenty:hanging_cobweb_strand":29,"minecraft:chiseled_quartz_block":2,"minecraft:light_gray_terracotta":376,"minecraft:calcite":17,"minecraft:poppy":8,"minecraft:chest":62,"biomesoplenty:stripped_pine_log":3,"minecraft:mushroom_stem":3,"minecraft:cobblestone":572,"minecraft:wither_skeleton_wall_skull":1,"minecraft:nether_quartz_ore":202,"minecraft:grindstone":13,"minecraft:oak_planks":5,"minecraft:waxed_chiseled_copper":9,"minecraft:iron_door":7,"minecraft:wall_torch":72,"minecraft:cauldron":2,"biomesoplenty:goldenrod":39,"minecraft:pink_petals":2,"minecraft:light_blue_terracotta":1498,"minecraft:seagrass":3,"minecraft:stone_stairs":8,"minecraft:red_candle":6,"minecraft:warped_nylium":1,"biomesoplenty:magic_leaves":4,"minecraft:light_gray_glazed_terracotta":19,"minecraft:powered_rail":23,"lootr:trophy":4,"minecraft:dark_oak_door":5,"minecraft:birch_log":391,"minecraft:waxed_oxidized_cut_copper_stairs":2,"biomesoplenty:redwood_button":1,"minecraft:smooth_stone_slab":1,"biomesoplenty:fir_log":30,"biomesoplenty:clover":212,"minecraft:oak_log":9,"minecraft:beetroots":8,"biomesoplenty:cut_black_sandstone":5,"minecraft:waxed_oxidized_copper":6,"minecraft:dirt":681,"minecraft:sand":66,"minecraft:wither_skeleton_skull":4,"minecraft:netherrack":1003,"biomesoplenty:white_lavender":8,"minecraft:oak_leaves":11,"minecraft:emerald_block":7,"minecraft:nether_gold_ore":46,"minecraft:crying_obsidian":7,"minecraft:tuff":78,"minecraft:quartz_stairs":2,"minecraft:dark_oak_leaves":65,"minecraft:deepslate_diamond_ore":53,"minecraft:lever":16,"minecraft:ladder":14,"biomesoplenty:bush":12,"minecraft:decorated_pot":95,"minecraft:brick_stairs":5,"minecraft:light_blue_glazed_terracotta":6,"minecraft:brown_mushroom_block":39,"travelersbackpack:white_sleeping_bag":27,"minecraft:birch_slab":63,"minecraft:spruce_leaves":6,"minecraft:sandstone":4,"minecraft:large_fern":10,"minecraft:hay_block":23,"minecraft:vault":1,"minecraft:potted_dark_oak_sapling":1,"minecraft:heavy_weighted_pressure_plate":2,"minecraft:furnace":22,"minecraft:carrots":151,"minecraft:black_glazed_terracotta":21,"minecraft:polished_basalt":1,"minecraft:chiseled_sandstone":3,"minecraft:dark_oak_fence_gate":2,"minecraft:chiseled_deepslate":3,"minecraft:peony":11,"minecraft:gold_block":4,"biomesoplenty:magic_log":112,"minecraft:nether_brick_fence":1,"minecraft:bookshelf":44,"minecraft:deepslate_iron_ore":2,"minecraft:shroomlight":3,"minecraft:lantern":12,"minecraft:trial_spawner":1,"minecraft:packed_ice":17,"biomesoplenty:flesh_tendons_strand":1,"minecraft:stone":3660,"biomesoplenty:spider_egg":5,"minecraft:redstone_wall_torch":1,"minecraft:podzol":1,"minecraft:waxed_exposed_copper_bulb":2,"minecraft:scaffolding":2,"biomesoplenty:orange_sand":202,"minecraft:basalt":521,"travelersbackpack:standard":1,"minecraft:oak_fence":1,"minecraft:crafting_table":34,"minecraft:cyan_stained_glass_pane":1,"biomesoplenty:snowblossom_leaves":223,"minecraft:rose_bush":29,"minecraft:lectern":402,"minecraft:stone_slab":1,"minecraft:quartz_bricks":11,"minecraft:deepslate_coal_ore":8,"minecraft:red_glazed_terracotta":5,"biomesoplenty:sprout":53,"minecraft:lapis_ore":8,"biomesoplenty:huge_clover_petal":208,"minecraft:blue_bed":4,"minecraft:birch_planks":81,"minecraft:brick_slab":2,"minecraft:waxed_oxidized_copper_grate":14,"biomesoplenty:hellbark_leaves":10,"minecraft:redstone_torch":20,"biomesoplenty:red_maple_leaf_pile":1,"minecraft:sweet_berry_bush":6,"minecraft:ice":1,"biomesoplenty:pink_daffodil":35,"minecraft:gray_bed":3,"minecraft:yellow_bed":7,"minecraft:coal_ore":965,"biomesoplenty:redwood_leaves":2,"minecraft:cherry_leaves":41,"minecraft:flower_pot":2,"minecraft:cracked_stone_bricks":11,"minecraft:terracotta":1070,"minecraft:mossy_stone_bricks":12,"biomesoplenty:redwood_wood":24,"minecraft:birch_fence":13}}
[08:47:37] [Server thread/WARN]: Ignored advancement 'biomesoplenty:recipes/misc/pink_dye_from_pink_daffodil' in progress file ./world/advancements/f5d1fdcf-5ccc-3cae-9df7-279047939e3a.json - it doesn't exist anymore?
[08:47:37] [Server thread/WARN]: Ignored advancement 'minecraft:recipes/building_blocks/dye_pink_carpet' in progress file ./world/advancements/f5d1fdcf-5ccc-3cae-9df7-279047939e3a.json - it doesn't exist anymore?
[08:47:37] [Server thread/WARN]: Ignored advancement 'minecraft:recipes/building_blocks/dye_pink_bed' in progress file ./world/advancements/f5d1fdcf-5ccc-3cae-9df7-279047939e3a.json - it doesn't exist anymore?
[08:47:37] [Server thread/WARN]: Ignored advancement 'biomesoplenty:recipes/building_blocks/chiseled_brimstone_bricks_from_brimstone_stonecutting' in progress file ./world/advancements/f5d1fdcf-5ccc-3cae-9df7-279047939e3a.json - it doesn't exist anymore?
[08:47:37] [Server thread/WARN]: Ignored advancement 'biomesoplenty:recipes/building_blocks/brimstone_bricks_from_brimstone_stonecutting' in progress file ./world/advancements/f5d1fdcf-5ccc-3cae-9df7-279047939e3a.json - it doesn't exist anymore?
[08:47:37] [Server thread/WARN]: Ignored advancement 'biomesoplenty:recipes/decorations/brimstone_cluster_from_brimstone_stonecutting' in progress file ./world/advancements/f5d1fdcf-5ccc-3cae-9df7-279047939e3a.json - it doesn't exist anymore?
[08:47:37] [Server thread/WARN]: Ignored advancement 'biomesoplenty:recipes/decorations/brimstone_brick_wall_from_brimstone_stonecutting' in progress file ./world/advancements/f5d1fdcf-5ccc-3cae-9df7-279047939e3a.json - it doesn't exist anymore?
[08:47:37] [Server thread/WARN]: Ignored advancement 'biomesoplenty:recipes/decorations/brimstone_bud_from_brimstone_stonecutting' in progress file ./world/advancements/f5d1fdcf-5ccc-3cae-9df7-279047939e3a.json - it doesn't exist anymore?
[08:47:37] [Server thread/WARN]: Ignored advancement 'biomesoplenty:recipes/building_blocks/brimstone_brick_slab_from_brimstone_stonecutting' in progress file ./world/advancements/f5d1fdcf-5ccc-3cae-9df7-279047939e3a.json - it doesn't exist anymore?
[08:47:37] [Server thread/WARN]: Ignored advancement 'biomesoplenty:recipes/building_blocks/brimstone_brick_stairs_from_brimstone_stonecutting' in progress file ./world/advancements/f5d1fdcf-5ccc-3cae-9df7-279047939e3a.json - it doesn't exist anymore?
[08:47:37] [Server thread/WARN]: Ignored advancement 'biomesoplenty:recipes/decorations/blackstone_spines_from_blackstone_stonecutting' in progress file ./world/advancements/f5d1fdcf-5ccc-3cae-9df7-279047939e3a.json - it doesn't exist anymore?
[08:47:37] [Server thread/WARN]: Ignored advancement 'biomesoplenty:recipes/misc/orange_dye_from_burning_blossom' in progress file ./world/advancements/f5d1fdcf-5ccc-3cae-9df7-279047939e3a.json - it doesn't exist anymore?
[08:47:37] [Server thread/WARN]: Ignored advancement 'biomesoplenty:recipes/misc/magenta_dye_from_wildflower' in progress file ./world/advancements/f5d1fdcf-5ccc-3cae-9df7-279047939e3a.json - it doesn't exist anymore?
[08:47:37] [Server thread/WARN]: Ignored advancement 'biomesoplenty:recipes/building_blocks/black_sandstone_slab_from_black_sandstone_stonecutting' in progress file ./world/advancements/f5d1fdcf-5ccc-3cae-9df7-279047939e3a.json - it doesn't exist anymore?
[08:47:37] [Server thread/WARN]: Ignored advancement 'biomesoplenty:recipes/building_blocks/cut_black_sandstone_from_black_sandstone_stonecutting' in progress file ./world/advancements/f5d1fdcf-5ccc-3cae-9df7-279047939e3a.json - it doesn't exist anymore?
[08:47:37] [Server thread/WARN]: Ignored advancement 'biomesoplenty:recipes/building_blocks/cut_black_sandstone_slab_from_black_sandstone_stonecutting' in progress file ./world/advancements/f5d1fdcf-5ccc-3cae-9df7-279047939e3a.json - it doesn't exist anymore?
[08:47:37] [Server thread/WARN]: Ignored advancement 'biomesoplenty:recipes/building_blocks/black_sandstone_stairs_from_black_sandstone_stonecutting' in progress file ./world/advancements/f5d1fdcf-5ccc-3cae-9df7-279047939e3a.json - it doesn't exist anymore?
[08:47:37] [Server thread/WARN]: Ignored advancement 'biomesoplenty:recipes/decorations/black_sandstone_wall_from_black_sandstone_stonecutting' in progress file ./world/advancements/f5d1fdcf-5ccc-3cae-9df7-279047939e3a.json - it doesn't exist anymore?
[08:47:37] [Server thread/WARN]: Ignored advancement 'biomesoplenty:recipes/building_blocks/chiseled_black_sandstone_from_black_sandstone_stonecutting' in progress file ./world/advancements/f5d1fdcf-5ccc-3cae-9df7-279047939e3a.json - it doesn't exist anymore?
[08:47:37] [Server thread/WARN]: Ignored advancement 'biomesoplenty:recipes/misc/white_dye_from_tall_white_lavender' in progress file ./world/advancements/f5d1fdcf-5ccc-3cae-9df7-279047939e3a.json - it doesn't exist anymore?
[08:47:37] [Server thread/WARN]: Ignored advancement 'biomesoplenty:recipes/misc/white_dye_from_white_lavender' in progress file ./world/advancements/f5d1fdcf-5ccc-3cae-9df7-279047939e3a.json - it doesn't exist anymore?
[08:47:37] [Server thread/WARN]: Ignored advancement 'biomesoplenty:recipes/misc/white_dye_from_white_petals' in progress file ./world/advancements/f5d1fdcf-5ccc-3cae-9df7-279047939e3a.json - it doesn't exist anymore?
[08:47:37] [Server thread/WARN]: Ignored advancement 'biomesoplenty:recipes/building_blocks/cut_black_sandstone_slab_from_cut_black_sandstone_stonecutting' in progress file ./world/advancements/f5d1fdcf-5ccc-3cae-9df7-279047939e3a.json - it doesn't exist anymore?
[08:47:37] [Server thread/WARN]: Ignored advancement 'biomesoplenty:recipes/misc/yellow_dye_from_goldenrod' in progress file ./world/advancements/f5d1fdcf-5ccc-3cae-9df7-279047939e3a.json - it doesn't exist anymore?
[08:47:37] [Server thread/WARN]: Ignored advancement 'biomesoplenty:recipes/building_blocks/cut_orange_sandstone_slab_from_orange_sandstone_stonecutting' in progress file ./world/advancements/f5d1fdcf-5ccc-3cae-9df7-279047939e3a.json - it doesn't exist anymore?
[08:47:37] [Server thread/WARN]: Ignored advancement 'biomesoplenty:recipes/building_blocks/orange_sandstone_stairs_from_orange_sandstone_stonecutting' in progress file ./world/advancements/f5d1fdcf-5ccc-3cae-9df7-279047939e3a.json - it doesn't exist anymore?
[08:47:37] [Server thread/WARN]: Ignored advancement 'biomesoplenty:recipes/building_blocks/cut_orange_sandstone_from_orange_sandstone_stonecutting' in progress file ./world/advancements/f5d1fdcf-5ccc-3cae-9df7-279047939e3a.json - it doesn't exist anymore?
[08:47:37] [Server thread/WARN]: Ignored advancement 'biomesoplenty:recipes/building_blocks/orange_sandstone_slab_from_orange_sandstone_stonecutting' in progress file ./world/advancements/f5d1fdcf-5ccc-3cae-9df7-279047939e3a.json - it doesn't exist anymore?
[08:47:37] [Server thread/WARN]: Ignored advancement 'biomesoplenty:recipes/decorations/orange_sandstone_wall_from_orange_sandstone_stonecutting' in progress file ./world/advancements/f5d1fdcf-5ccc-3cae-9df7-279047939e3a.json - it doesn't exist anymore?
[08:47:37] [Server thread/WARN]: Ignored advancement 'biomesoplenty:recipes/building_blocks/chiseled_orange_sandstone_from_orange_sandstone_stonecutting' in progress file ./world/advancements/f5d1fdcf-5ccc-3cae-9df7-279047939e3a.json - it doesn't exist anymore?
[08:47:37] [Server thread/WARN]: Ignored advancement 'minecraft:recipes/building_blocks/dye_red_carpet' in progress file ./world/advancements/f5d1fdcf-5ccc-3cae-9df7-279047939e3a.json - it doesn't exist anymore?
[08:47:37] [Server thread/WARN]: Ignored advancement 'minecraft:recipes/building_blocks/dye_red_bed' in progress file ./world/advancements/f5d1fdcf-5ccc-3cae-9df7-279047939e3a.json - it doesn't exist anymore?
[08:47:37] [Server thread/WARN]: Ignored advancement 'biomesoplenty:recipes/misc/cyan_dye_from_glowflower' in progress file ./world/advancements/f5d1fdcf-5ccc-3cae-9df7-279047939e3a.json - it doesn't exist anymore?
[08:47:37] [Server thread/WARN]: Ignored advancement 'biomesoplenty:recipes/misc/purple_dye_from_lavender' in progress file ./world/advancements/f5d1fdcf-5ccc-3cae-9df7-279047939e3a.json - it doesn't exist anymore?
[08:47:37] [Server thread/WARN]: Ignored advancement 'biomesoplenty:recipes/misc/purple_dye_from_tall_lavender' in progress file ./world/advancements/f5d1fdcf-5ccc-3cae-9df7-279047939e3a.json - it doesn't exist anymore?
[08:47:37] [Server thread/ERROR]: Tried to load unrecognized recipe: ResourceKey[minecraft:recipe / biomesoplenty:chiseled_orange_sandstone_from_orange_sandstone_stonecutting] removed now.
[08:47:37] [Server thread/ERROR]: Tried to load unrecognized recipe: ResourceKey[minecraft:recipe / biomesoplenty:magenta_dye_from_wildflower] removed now.
[08:47:37] [Server thread/ERROR]: Tried to load unrecognized recipe: ResourceKey[minecraft:recipe / biomesoplenty:cyan_dye_from_glowflower] removed now.
[08:47:37] [Server thread/ERROR]: Tried to load unrecognized recipe: ResourceKey[minecraft:recipe / biomesoplenty:brimstone_brick_slab_from_brimstone_stonecutting] removed now.
[08:47:37] [Server thread/ERROR]: Tried to load unrecognized recipe: ResourceKey[minecraft:recipe / biomesoplenty:purple_dye_from_lavender] removed now.
[08:47:37] [Server thread/ERROR]: Tried to load unrecognized recipe: ResourceKey[minecraft:recipe / biomesoplenty:black_sandstone_stairs_from_black_sandstone_stonecutting] removed now.
[08:47:37] [Server thread/ERROR]: Tried to load unrecognized recipe: ResourceKey[minecraft:recipe / biomesoplenty:brimstone_brick_stairs_from_brimstone_stonecutting] removed now.
[08:47:37] [Server thread/ERROR]: Tried to load unrecognized recipe: ResourceKey[minecraft:recipe / biomesoplenty:yellow_dye_from_goldenrod] removed now.
[08:47:37] [Server thread/ERROR]: Tried to load unrecognized recipe: ResourceKey[minecraft:recipe / biomesoplenty:orange_dye_from_burning_blossom] removed now.
[08:47:37] [Server thread/ERROR]: Tried to load unrecognized recipe: ResourceKey[minecraft:recipe / biomesoplenty:brimstone_bud_from_brimstone_stonecutting] removed now.
[08:47:37] [Server thread/ERROR]: Tried to load unrecognized recipe: ResourceKey[minecraft:recipe / biomesoplenty:white_dye_from_white_petals] removed now.
[08:47:37] [Server thread/ERROR]: Tried to load unrecognized recipe: ResourceKey[minecraft:recipe / biomesoplenty:brimstone_brick_wall_from_brimstone_stonecutting] removed now.
[08:47:37] [Server thread/ERROR]: Tried to load unrecognized recipe: ResourceKey[minecraft:recipe / biomesoplenty:black_sandstone_slab_from_black_sandstone_stonecutting] removed now.
[08:47:37] [Server thread/ERROR]: Tried to load unrecognized recipe: ResourceKey[minecraft:recipe / biomesoplenty:chiseled_brimstone_bricks_from_brimstone_stonecutting] removed now.
[08:47:37] [Server thread/ERROR]: Tried to load unrecognized recipe: ResourceKey[minecraft:recipe / biomesoplenty:purple_dye_from_tall_lavender] removed now.
[08:47:37] [Server thread/ERROR]: Tried to load unrecognized recipe: ResourceKey[minecraft:recipe / biomesoplenty:pink_dye_from_pink_daffodil] removed now.
[08:47:37] [Server thread/ERROR]: Tried to load unrecognized recipe: ResourceKey[minecraft:recipe / biomesoplenty:cut_black_sandstone_from_black_sandstone_stonecutting] removed now.
[08:47:37] [Server thread/ERROR]: Tried to load unrecognized recipe: ResourceKey[minecraft:recipe / biomesoplenty:brimstone_bricks_from_brimstone_stonecutting] removed now.
[08:47:37] [Server thread/ERROR]: Tried to load unrecognized recipe: ResourceKey[minecraft:recipe / biomesoplenty:white_dye_from_white_lavender] removed now.
[08:47:37] [Server thread/ERROR]: Tried to load unrecognized recipe: ResourceKey[minecraft:recipe / biomesoplenty:orange_sandstone_stairs_from_orange_sandstone_stonecutting] removed now.
[08:47:37] [Server thread/ERROR]: Tried to load unrecognized recipe: ResourceKey[minecraft:recipe / biomesoplenty:orange_sandstone_wall_from_orange_sandstone_stonecutting] removed now.
[08:47:37] [Server thread/ERROR]: Tried to load unrecognized recipe: ResourceKey[minecraft:recipe / biomesoplenty:chiseled_black_sandstone_from_black_sandstone_stonecutting] removed now.
[08:47:37] [Server thread/ERROR]: Tried to load unrecognized recipe: ResourceKey[minecraft:recipe / biomesoplenty:cut_orange_sandstone_from_orange_sandstone_stonecutting] removed now.
[08:47:37] [Server thread/ERROR]: Tried to load unrecognized recipe: ResourceKey[minecraft:recipe / biomesoplenty:black_sandstone_wall_from_black_sandstone_stonecutting] removed now.
[08:47:37] [Server thread/ERROR]: Tried to load unrecognized recipe: ResourceKey[minecraft:recipe / biomesoplenty:cut_black_sandstone_slab_from_black_sandstone_stonecutting] removed now.
[08:47:37] [Server thread/ERROR]: Tried to load unrecognized recipe: ResourceKey[minecraft:recipe / biomesoplenty:cut_black_sandstone_slab_from_cut_black_sandstone_stonecutting] removed now.
[08:47:37] [Server thread/ERROR]: Tried to load unrecognized recipe: ResourceKey[minecraft:recipe / biomesoplenty:white_dye_from_tall_white_lavender] removed now.
[08:47:37] [Server thread/ERROR]: Tried to load unrecognized recipe: ResourceKey[minecraft:recipe / biomesoplenty:orange_sandstone_slab_from_orange_sandstone_stonecutting] removed now.
[08:47:37] [Server thread/ERROR]: Tried to load unrecognized recipe: ResourceKey[minecraft:recipe / biomesoplenty:brimstone_cluster_from_brimstone_stonecutting] removed now.
[08:47:37] [Server thread/ERROR]: Tried to load unrecognized recipe: ResourceKey[minecraft:recipe / biomesoplenty:cut_orange_sandstone_slab_from_orange_sandstone_stonecutting] removed now.
[08:47:37] [Server thread/ERROR]: Tried to load unrecognized recipe: ResourceKey[minecraft:recipe / biomesoplenty:blackstone_spines_from_blackstone_stonecutting] removed now.
[08:47:37] [Server thread/ERROR]: Tried to load unrecognized recipe: ResourceKey[minecraft:recipe / biomesoplenty:brimstone_brick_slab_from_brimstone_stonecutting] removed now.
[08:47:37] [Server thread/ERROR]: Tried to load unrecognized recipe: ResourceKey[minecraft:recipe / biomesoplenty:purple_dye_from_lavender] removed now.
[08:47:37] [Server thread/ERROR]: Tried to load unrecognized recipe: ResourceKey[minecraft:recipe / biomesoplenty:cut_black_sandstone_slab_from_cut_black_sandstone_stonecutting] removed now.
[08:47:37] [Server thread/ERROR]: Tried to load unrecognized recipe: ResourceKey[minecraft:recipe / biomesoplenty:white_dye_from_tall_white_lavender] removed now.
[08:47:37] [Server thread/ERROR]: Tried to load unrecognized recipe: ResourceKey[minecraft:recipe / biomesoplenty:chiseled_orange_sandstone_from_orange_sandstone_stonecutting] removed now.
[08:47:37] [Server thread/ERROR]: Tried to load unrecognized recipe: ResourceKey[minecraft:recipe / biomesoplenty:black_sandstone_stairs_from_black_sandstone_stonecutting] removed now.
[08:47:37] [Server thread/ERROR]: Tried to load unrecognized recipe: ResourceKey[minecraft:recipe / biomesoplenty:purple_dye_from_tall_lavender] removed now.
[08:47:37] [Server thread/ERROR]: Tried to load unrecognized recipe: ResourceKey[minecraft:recipe / biomesoplenty:brimstone_brick_stairs_from_brimstone_stonecutting] removed now.
[08:47:37] [Server thread/ERROR]: Tried to load unrecognized recipe: ResourceKey[minecraft:recipe / biomesoplenty:cut_black_sandstone_from_black_sandstone_stonecutting] removed now.
[08:47:37] [Server thread/ERROR]: Tried to load unrecognized recipe: ResourceKey[minecraft:recipe / biomesoplenty:brimstone_bricks_from_brimstone_stonecutting] removed now.
[08:47:37] [Server thread/ERROR]: Tried to load unrecognized recipe: ResourceKey[minecraft:recipe / biomesoplenty:white_dye_from_white_lavender] removed now.
[08:47:37] [Server thread/ERROR]: Tried to load unrecognized recipe: ResourceKey[minecraft:recipe / biomesoplenty:yellow_dye_from_goldenrod] removed now.
[08:47:37] [Server thread/ERROR]: Tried to load unrecognized recipe: ResourceKey[minecraft:recipe / biomesoplenty:orange_sandstone_slab_from_orange_sandstone_stonecutting] removed now.
[08:47:37] [Server thread/ERROR]: Tried to load unrecognized recipe: ResourceKey[minecraft:recipe / biomesoplenty:orange_sandstone_stairs_from_orange_sandstone_stonecutting] removed now.
[08:47:37] [Server thread/ERROR]: Tried to load unrecognized recipe: ResourceKey[minecraft:recipe / biomesoplenty:brimstone_cluster_from_brimstone_stonecutting] removed now.
[08:47:37] [Server thread/ERROR]: Tried to load unrecognized recipe: ResourceKey[minecraft:recipe / biomesoplenty:magenta_dye_from_wildflower] removed now.
[08:47:37] [Server thread/ERROR]: Tried to load unrecognized recipe: ResourceKey[minecraft:recipe / biomesoplenty:orange_sandstone_wall_from_orange_sandstone_stonecutting] removed now.
[08:47:37] [Server thread/ERROR]: Tried to load unrecognized recipe: ResourceKey[minecraft:recipe / biomesoplenty:orange_dye_from_burning_blossom] removed now.
[08:47:37] [Server thread/ERROR]: Tried to load unrecognized recipe: ResourceKey[minecraft:recipe / biomesoplenty:cut_orange_sandstone_slab_from_orange_sandstone_stonecutting] removed now.
[08:47:37] [Server thread/ERROR]: Tried to load unrecognized recipe: ResourceKey[minecraft:recipe / biomesoplenty:brimstone_bud_from_brimstone_stonecutting] removed now.
[08:47:37] [Server thread/ERROR]: Tried to load unrecognized recipe: ResourceKey[minecraft:recipe / biomesoplenty:white_dye_from_white_petals] removed now.
[08:47:37] [Server thread/ERROR]: Tried to load unrecognized recipe: ResourceKey[minecraft:recipe / biomesoplenty:chiseled_black_sandstone_from_black_sandstone_stonecutting] removed now.
[08:47:37] [Server thread/ERROR]: Tried to load unrecognized recipe: ResourceKey[minecraft:recipe / biomesoplenty:cut_orange_sandstone_from_orange_sandstone_stonecutting] removed now.
[08:47:37] [Server thread/ERROR]: Tried to load unrecognized recipe: ResourceKey[minecraft:recipe / biomesoplenty:blackstone_spines_from_blackstone_stonecutting] removed now.
[08:47:37] [Server thread/ERROR]: Tried to load unrecognized recipe: ResourceKey[minecraft:recipe / biomesoplenty:brimstone_brick_wall_from_brimstone_stonecutting] removed now.
[08:47:37] [Server thread/ERROR]: Tried to load unrecognized recipe: ResourceKey[minecraft:recipe / biomesoplenty:cyan_dye_from_glowflower] removed now.
[08:47:37] [Server thread/ERROR]: Tried to load unrecognized recipe: ResourceKey[minecraft:recipe / biomesoplenty:black_sandstone_wall_from_black_sandstone_stonecutting] removed now.
[08:47:37] [Server thread/ERROR]: Tried to load unrecognized recipe: ResourceKey[minecraft:recipe / biomesoplenty:cut_black_sandstone_slab_from_black_sandstone_stonecutting] removed now.
[08:47:37] [Server thread/ERROR]: Tried to load unrecognized recipe: ResourceKey[minecraft:recipe / biomesoplenty:black_sandstone_slab_from_black_sandstone_stonecutting] removed now.
[08:47:37] [Server thread/ERROR]: Tried to load unrecognized recipe: ResourceKey[minecraft:recipe / biomesoplenty:chiseled_brimstone_bricks_from_brimstone_stonecutting] removed now.
[08:47:38] [Server thread/INFO]: Bhnklnd[/127.0.0.1:54460] logged in with entity id 9 at (396.9214874001142, 70.0, 216.0993875750142)
[08:47:38] [Server thread/INFO]: Loading config from file...
[08:47:38] [Server thread/INFO]: Player [Bhnklnd] joined.
[08:47:38] [Server thread/INFO]: Bhnklnd joined the game
[08:47:38] [Server thread/INFO]: Bhnklnd has made the advancement [Craft basic backpack]
[08:47:38] [Server thread/WARN]: [net.minecraft.class_3324] Serialization errors:
class_3222['Bhnklnd'/9, l='ServerLevel[world]', x=396.92, y=70.00, z=216.10].cardinal_components.travelersbackpack:travelersbackpack: Failed to decode value '{components:{"travelersbackpack:ability_enabled":1b,"travelersbackpack:backpack_container":[{item:{count:13,id:"minecraft:breeze_rod"},slot:0},{item:{count:26,id:"minecraft:bamboo_planks"},slot:1},{item:{count:11,id:"minecraft:tuff_bricks"},slot:2},{item:{count:20,id:"minecraft:emerald"},slot:3},{item:{count:1,id:"minecraft:emerald_block"},slot:4},{item:{count:15,id:"minecraft:rotten_flesh"},slot:5},{item:{count:2,id:"minecraft:waxed_copper_grate"},slot:6},{item:{},slot:7},{item:{count:1,id:"minecraft:cooked_mutton"},slot:8},{item:{count:64,id:"minecraft:coal"},slot:9},{item:{count:64,id:"minecraft:coal"},slot:10},{item:{count:64,id:"minecraft:coal"},slot:11},{item:{count:64,id:"minecraft:coal"},slot:12},{item:{count:64,id:"minecraft:coal"},slot:13},{item:{count:41,id:"minecraft:coal"},slot:14},{item:{count:1,id:"minecraft:flow_pottery_sherd"},slot:15},{item:{count:27,id:"minecraft:cobblestone"},slot:16},{item:{components:{"minecraft:potion_contents":{potion:"minecraft:slowness"}},count:7,id:"minecraft:tipped_arrow"},slot:17},{item:{},slot:18},{item:{count:2,id:"minecraft:baked_potato"},slot:19},{item:{components:{"minecraft:potion_contents":{potion:"minecraft:slowness"}},count:1,id:"minecraft:splash_potion"},slot:20},{item:{count:1,id:"minecraft:name_tag"},slot:21},{item:{components:{"minecraft:potion_contents":{potion:"minecraft:regeneration"}},count:1,id:"minecraft:potion"},slot:22},{item:{components:{"minecraft:potion_contents":{potion:"minecraft:poison"}},count:6,id:"minecraft:tipped_arrow"},slot:23},{item:{},slot:24},{item:{},slot:25},{item:{},slot:26},{item:{},slot:27},{item:{},slot:28},{item:{},slot:29},{item:{},slot:30},{item:{},slot:31},{item:{},slot:32},{item:{},slot:33},{item:{},slot:34},{item:{},slot:35},{item:{},slot:36},{item:{},slot:37},{item:{},slot:38},{item:{},slot:39},{item:{},slot:40},{item:{},slot:41},{item:{},slot:42},{item:{},slot:43},{item:{},slot:44},{item:{},slot:45},{item:{},slot:46},{item:{},slot:47},{item:{},slot:48},{item:{},slot:49},{item:{},slot:50},{item:{},slot:51},{item:{},slot:52},{item:{},slot:53},{item:{},slot:54},{item:{},slot:55},{item:{},slot:56},{item:{},slot:57},{item:{},slot:58},{item:{},slot:59},{item:{},slot:60},{item:{},slot:61},{item:{},slot:62},{item:{},slot:63},{item:{},slot:64},{item:{},slot:65},{item:{},slot:66},{item:{},slot:67},{item:{},slot:68},{item:{count:4,id:"minecraft:iron_ingot"},slot:69},{item:{},slot:70},{item:{},slot:71},{item:{},slot:72},{item:{},slot:73},{item:{},slot:74},{item:{},slot:75},{item:{},slot:76},{item:{},slot:77},{item:{},slot:78},{item:{count:1,id:"minecraft:anvil"},slot:79},{item:{},slot:80}],"travelersbackpack:render_info":{RenderInfo:{Capacity:729000L,LeftTank:{amount:486000L,fluidVariant:{fluid:"minecraft:water"}},RightTank:{amount:567000L,fluidVariant:{fluid:"minecraft:lava"}}}},"travelersbackpack:show_more_buttons":1b,"travelersbackpack:show_tool_slots":1b,"travelersbackpack:sleeping_bag_color":0,"travelersbackpack:storage_slots":81,"travelersbackpack:tier":3,"travelersbackpack:tool_slots":5,"travelersbackpack:tools_container":[{item:{components:{"minecraft:damage":46},count:1,id:"minecraft:bow"},slot:0},{item:{components:{"minecraft:enchantments":{levels:{"minecraft:piercing":2}}},count:1,id:"minecraft:crossbow"},slot:1},{item:{components:{"minecraft:damage":220},count:1,id:"minecraft:bow"},slot:2},{item:{components:{"minecraft:damage":126,"minecraft:enchantments":{levels:{"minecraft:power":2}}},count:1,id:"minecraft:bow"},slot:3},{item:{},slot:4}],"travelersbackpack:upgrade_slots":5,"travelersbackpack:upgrade_tick_interval":5,"travelersbackpack:upgrades":[{item:{components:{"travelersbackpack:backpack_container":[{item:{},slot:0},{item:{},slot:1},{item:{},slot:2},{item:{},slot:3},{item:{},slot:4},{item:{},slot:5},{item:{},slot:6},{item:{},slot:7},{item:{},slot:8}],"travelersbackpack:tab_open":1b},count:1,id:"travelersbackpack:crafting_upgrade"},slot:0},{item:{components:{"travelersbackpack:backpack_container":[{item:{},slot:0},{item:{},slot:1},{item:{},slot:2}],"travelersbackpack:burn_finish_time":0L,"travelersbackpack:burn_total_time":0,"travelersbackpack:cooking_finish_time":0L,"travelersbackpack:cooking_total_time":0,"travelersbackpack:cooldown":5,"travelersbackpack:tab_open":0b,"travelersbackpack:upgrade_enabled":1b},count:1,id:"travelersbackpack:blast_furnace_upgrade"},slot:1},{item:{components:{"travelersbackpack:fluids":{leftFluidStack:{amount:486000L,fluidVariant:{fluid:"minecraft:water"}},rightFluidStack:{amount:567000L,fluidVariant:{fluid:"minecraft:lava"}}},"travelersbackpack:tab_open":0b},count:1,id:"travelersbackpack:tanks_upgrade"},slot:2},{item:{},slot:3},{item:{},slot:4}]},count:1,id:"travelersbackpack:quartz"}' from field 'Wearable': Not a number; Failed to get element minecraft:levels missed input: {levels:{"minecraft:power":2}} missed input: {"minecraft:enchantments":{levels:{"minecraft:power":2}}}; Not a number; Failed to get element minecraft:levels missed input: {levels:{"minecraft:piercing":2}} missed input: {"minecraft:enchantments":{levels:{"minecraft:piercing":2}}} missed input: {"travelersbackpack:tools_container":[{item:{components:{"minecraft:damage":46},count:1,id:"minecraft:bow"},slot:0},{item:{components:{"minecraft:enchantments":{levels:{"minecraft:piercing":2}}},count:1,id:"minecraft:crossbow"},slot:1},{item:{components:{"minecraft:damage":220},count:1,id:"minecraft:bow"},slot:2},{item:{components:{"minecraft:damage":126,"minecraft:enchantments":{levels:{"minecraft:power":2}}},count:1,id:"minecraft:bow"},slot:3},{item:{},slot:4}]}
[08:47:39] [Server thread/WARN]: Can't keep up! Is the server overloaded? Running 2050ms or 41 ticks behind
[08:47:39] [Server thread/WARN]: [net.minecraft.class_5565] Serialization errors:
chunk@[26, 16].Entities[0]: Failed to decode value '[{base:16.0d,id:"minecraft:generic.follow_range",modifiers:[{amount:-0.007876811969505364d,id:"minecraft:random_spawn_bonus",operation:"add_multiplied_base"}]},{base:0.7d,id:"minecraft:generic.movement_speed"}]' from field 'attributes': Unknown registry key in ResourceKey[minecraft:root / minecraft:attribute]: minecraft:generic.movement_speed; Unknown registry key in ResourceKey[minecraft:root / minecraft:attribute]: minecraft:generic.follow_range
[08:47:40] [Server thread/ERROR]: Failed to parse saved data for 'SavedDataType[lootr/8/82/823af878-9355-49c0-a9a6-7cac3173d872]': Not a map: [{chest:{Items:[{Slot:0b,count:1,id:"minecraft:torch"},{Slot:4b,count:1,id:"minecraft:rail"},{Slot:6b,count:1,id:"minecraft:detector_rail"},{Slot:8b,count:6,id:"minecraft:torch"},{Slot:9b,count:1,id:"minecraft:glow_berries"},{Slot:13b,count:1,id:"minecraft:torch"},{Slot:14b,count:3,id:"minecraft:rail"},{Slot:15b,count:1,id:"minecraft:detector_rail"},{Slot:18b,count:2,id:"minecraft:glow_berries"},{Slot:21b,count:1,id:"minecraft:glow_berries"},{Slot:22b,count:1,id:"minecraft:rail"},{Slot:23b,count:1,id:"minecraft:rail"},{Slot:25b,count:1,id:"minecraft:detector_rail"}]},uuid:[I;-170787377,1556888750,-1644746864,1200856634]}]; No key info in MapLike[{actualOpeners:[[I;-170787377,1556888750,-1644746864,1200856634]],blockType:5,dimension:"minecraft:overworld",hasBeenOpened:1b,inventories:[{chest:{Items:[{Slot:0b,count:1,id:"minecraft:torch"},{Slot:4b,count:1,id:"minecraft:rail"},{Slot:6b,count:1,id:"minecraft:detector_rail"},{Slot:8b,count:6,id:"minecraft:torch"},{Slot:9b,count:1,id:"minecraft:glow_berries"},{Slot:13b,count:1,id:"minecraft:torch"},{Slot:14b,count:3,id:"minecraft:rail"},{Slot:15b,count:1,id:"minecraft:detector_rail"},{Slot:18b,count:2,id:"minecraft:glow_berries"},{Slot:21b,count:1,id:"minecraft:glow_berries"},{Slot:22b,count:1,id:"minecraft:rail"},{Slot:23b,count:1,id:"minecraft:rail"},{Slot:25b,count:1,id:"minecraft:detector_rail"}]},uuid:[I;-170787377,1556888750,-1644746864,1200856634]}],key:"lootr/8/82/823af878-9355-49c0-a9a6-7cac3173d872",name:'{"translate":"entity.lootr.lootr_minecart","hoverEvent":{"contents":{"type":"lootr:lootr_minecart","id":[-2110064520,-1823127104,-1448706900,829675634],"name":{"translate":"entity.lootr.lootr_minecart"}},"action":"show_entity"},"insertion":"823af878-9355-49c0-a9a6-7cac3173d872"}',openers:[[I;-170787377,1556888750,-1644746864,1200856634]],position:[I;424,-3,270],seed:-4318280715748612289L,size:27,table:"minecraft:chests/abandoned_mineshaft",type:1,uuid:[I;-2110064520,-1823127104,-1448706900,829675634]}]
[08:47:40] [Server thread/WARN]: [net.minecraft.class_2586] Serialization errors:
minecraft:chest // net.minecraft.class_2595@class_2338{x=458, y=65, z=255}: Failed to decode value '{Slot:20b,count:1,id:"biomesoplenty:wildflower"}' from field 'Items' at index 20': Unknown registry key in ResourceKey[minecraft:root / minecraft:item]: biomesoplenty:wildflower
[08:47:40] [Server thread/WARN]: [net.minecraft.class_2586] Serialization errors:
travelersbackpack:travelers_backpack // com.tiviacz.travelersbackpack.blockentity.BackpackBlockEntity@class_2338{x=456, y=67, z=273}:
  Failed to decode value '{components:{"minecraft:dyed_color":{rgb:-1538617355},"travelersbackpack:backpack_container":[{item:{components:{"minecraft:damage":212},count:1,id:"minecraft:iron_axe"},slot:0},{item:{count:2,id:"minecraft:birch_planks"},slot:1},{item:{count:1,id:"biomesoplenty:rose_quartz_block"},slot:2},{item:{count:28,id:"minecraft:iron_ingot"},slot:3},{item:{count:12,id:"minecraft:redstone"},slot:4},{item:{count:43,id:"minecraft:emerald"},slot:5},{item:{count:34,id:"minecraft:furnace"},slot:6},{item:{components:{"minecraft:charged_projectiles":[{count:1,id:"minecraft:arrow"}],"minecraft:damage":431},count:1,id:"minecraft:crossbow"},slot:7},{item:{components:{"minecraft:banner_patterns":[{color:"cyan",pattern:"minecraft:rhombus"},{color:"light_gray",pattern:"minecraft:stripe_bottom"},{color:"gray",pattern:"minecraft:stripe_center"},{color:"light_gray",pattern:"minecraft:border"},{color:"black",pattern:"minecraft:stripe_middle"},{color:"light_gray",pattern:"minecraft:half_horizontal"},{color:"light_gray",pattern:"minecraft:circle"},{color:"black",pattern:"minecraft:border"}],"minecraft:hide_additional_tooltip":{},"minecraft:item_name":'{"color":"gold","translate":"block.minecraft.ominous_banner"}'},count:3,id:"minecraft:white_banner"},slot:8},{item:{count:1,id:"minecraft:saddle"},slot:9},{item:{count:1,id:"minecraft:gunpowder"},slot:10},{item:{count:1,id:"minecraft:water_bucket"},slot:11},{item:{count:1,id:"minecraft:glass_bottle"},slot:12},{item:{count:1,id:"minecraft:oak_sapling"},slot:13},{item:{count:28,id:"biomesoplenty:goldenrod"},slot:14},{item:{count:1,id:"minecraft:lead"},slot:15},{item:{count:1,id:"minecraft:dark_oak_sign"},slot:16},{item:{count:4,id:"minecraft:wheat_seeds"},slot:17},{item:{count:2,id:"minecraft:string"},slot:18},{item:{count:2,id:"minecraft:spider_eye"},slot:19},{item:{count:1,id:"minecraft:iron_trapdoor"},slot:20},{item:{components:{"minecraft:instrument":"minecraft:feel_goat_horn"},count:1,id:"minecraft:goat_horn"},slot:21},{item:{count:14,id:"biomesoplenty:wildflower"},slot:22},{item:{},slot:23},{item:{count:17,id:"minecraft:arrow"},slot:24},{item:{},slot:25},{item:{},slot:26}],"travelersbackpack:render_info":{RenderInfo:{}},"travelersbackpack:sleeping_bag_color":13,"travelersbackpack:storage_slots":27,"travelersbackpack:tool_slots":2,"travelersbackpack:upgrade_slots":2},count:1,id:"travelersbackpack:melon"}' from field 'Backpack': Failed to parse either. First: Not a number; Second: Not a list: {rgb:-1538617355}; Unknown registry key in ResourceKey[minecraft:root / minecraft:item]: biomesoplenty:wildflower; No component with type: 'minecraft:hide_additional_tooltip'; No component with type: 'minecraft:hide_additional_tooltip' missed input: {"minecraft:hide_additional_tooltip":{}} missed input: {"minecraft:dyed_color":{rgb:-1538617355},"travelersbackpack:backpack_container":[{item:{components:{"minecraft:damage":212},count:1,id:"minecraft:iron_axe"},slot:0},{item:{count:2,id:"minecraft:birch_planks"},slot:1},{item:{count:1,id:"biomesoplenty:rose_quartz_block"},slot:2},{item:{count:28,id:"minecraft:iron_ingot"},slot:3},{item:{count:12,id:"minecraft:redstone"},slot:4},{item:{count:43,id:"minecraft:emerald"},slot:5},{item:{count:34,id:"minecraft:furnace"},slot:6},{item:{components:{"minecraft:charged_projectiles":[{count:1,id:"minecraft:arrow"}],"minecraft:damage":431},count:1,id:"minecraft:crossbow"},slot:7},{item:{components:{"minecraft:banner_patterns":[{color:"cyan",pattern:"minecraft:rhombus"},{color:"light_gray",pattern:"minecraft:stripe_bottom"},{color:"gray",pattern:"minecraft:stripe_center"},{color:"light_gray",pattern:"minecraft:border"},{color:"black",pattern:"minecraft:stripe_middle"},{color:"light_gray",pattern:"minecraft:half_horizontal"},{color:"light_gray",pattern:"minecraft:circle"},{color:"black",pattern:"minecraft:border"}],"minecraft:hide_additional_tooltip":{},"minecraft:item_name":'{"color":"gold","translate":"block.minecraft.ominous_banner"}'},count:3,id:"minecraft:white_banner"},slot:8},{item:{count:1,id:"minecraft:saddle"},slot:9},{item:{count:1,id:"minecraft:gunpowder"},slot:10},{item:{count:1,id:"minecraft:water_bucket"},slot:11},{item:{count:1,id:"minecraft:glass_bottle"},slot:12},{item:{count:1,id:"minecraft:oak_sapling"},slot:13},{item:{count:28,id:"biomesoplenty:goldenrod"},slot:14},{item:{count:1,id:"minecraft:lead"},slot:15},{item:{count:1,id:"minecraft:dark_oak_sign"},slot:16},{item:{count:4,id:"minecraft:wheat_seeds"},slot:17},{item:{count:2,id:"minecraft:string"},slot:18},{item:{count:2,id:"minecraft:spider_eye"},slot:19},{item:{count:1,id:"minecraft:iron_trapdoor"},slot:20},{item:{components:{"minecraft:instrument":"minecraft:feel_goat_horn"},count:1,id:"minecraft:goat_horn"},slot:21},{item:{count:14,id:"biomesoplenty:wildflower"},slot:22},{item:{},slot:23},{item:{count:17,id:"minecraft:arrow"},slot:24},{item:{},slot:25},{item:{},slot:26}]}
  Failed to decode value '{"minecraft:dyed_color":{rgb:-1538617355},"travelersbackpack:render_info":{RenderInfo:{}},"travelersbackpack:sleeping_bag_color":13}' from field 'components': Failed to parse either. First: Not a number; Second: Not a list: {rgb:-1538617355} missed input: {"minecraft:dyed_color":{rgb:-1538617355}}
[08:47:40] [Server thread/WARN]: [net.minecraft.class_2586] Serialization errors:
travelersbackpack:travelers_backpack // com.tiviacz.travelersbackpack.blockentity.BackpackBlockEntity@class_2338{x=456, y=67, z=274}:
  Failed to decode value '{components:{"minecraft:dyed_color":{rgb:595519202},"travelersbackpack:backpack_container":[{item:{count:1,id:"minecraft:chainmail_chestplate"},slot:0},{item:{},slot:1},{item:{},slot:2},{item:{},slot:3},{item:{},slot:4},{item:{},slot:5},{item:{},slot:6},{item:{},slot:7},{item:{},slot:8},{item:{},slot:9},{item:{},slot:10},{item:{},slot:11},{item:{},slot:12},{item:{},slot:13},{item:{},slot:14},{item:{},slot:15},{item:{},slot:16},{item:{},slot:17},{item:{},slot:18},{item:{},slot:19},{item:{},slot:20},{item:{},slot:21},{item:{},slot:22},{item:{},slot:23},{item:{},slot:24},{item:{},slot:25},{item:{},slot:26}],"travelersbackpack:render_info":{RenderInfo:{}},"travelersbackpack:storage_slots":27,"travelersbackpack:tool_slots":2,"travelersbackpack:upgrade_slots":2},count:1,id:"travelersbackpack:sandstone"}' from field 'Backpack': Failed to parse either. First: Not a number; Second: Not a list: {rgb:595519202} missed input: {"minecraft:dyed_color":{rgb:595519202}}
  Failed to decode value '{"minecraft:dyed_color":{rgb:595519202},"travelersbackpack:render_info":{RenderInfo:{}},"travelersbackpack:storage_slots":27,"travelersbackpack:tool_slots":2,"travelersbackpack:upgrade_slots":2}' from field 'components': Failed to parse either. First: Not a number; Second: Not a list: {rgb:595519202} missed input: {"minecraft:dyed_color":{rgb:595519202}}
[08:47:40] [Server thread/WARN]: [net.minecraft.class_2586] Serialization errors:
travelersbackpack:travelers_backpack // com.tiviacz.travelersbackpack.blockentity.BackpackBlockEntity@class_2338{x=460, y=67, z=276}:
  Failed to decode value '{components:{"minecraft:dyed_color":{rgb:300084643},"travelersbackpack:render_info":{RenderInfo:{Capacity:243000L,LeftTank:{amount:0L,fluidVariant:{fluid:"minecraft:empty"}},RightTank:{amount:0L,fluidVariant:{fluid:"minecraft:empty"}}}},"travelersbackpack:storage_slots":27,"travelersbackpack:tool_slots":2,"travelersbackpack:upgrade_slots":2,"travelersbackpack:upgrades":[{item:{count:1,id:"travelersbackpack:tanks_upgrade"},slot:0},{item:{},slot:1}]},count:1,id:"travelersbackpack:enderman"}' from field 'Backpack': Failed to parse either. First: Not a number; Second: Not a list: {rgb:300084643} missed input: {"minecraft:dyed_color":{rgb:300084643}}
  Failed to decode value '{"minecraft:dyed_color":{rgb:300084643},"travelersbackpack:render_info":{RenderInfo:{LeftTank:{},RightTank:{}}},"travelersbackpack:storage_slots":27,"travelersbackpack:tool_slots":2,"travelersbackpack:upgrade_slots":2,"travelersbackpack:upgrades":[{item:{count:1,id:"travelersbackpack:tanks_upgrade"},slot:0},{item:{},slot:1}]}' from field 'components': Failed to parse either. First: Not a number; Second: Not a list: {rgb:300084643} missed input: {"minecraft:dyed_color":{rgb:300084643}}
[08:47:40] [Server thread/WARN]: [net.minecraft.class_2586] Serialization errors:
travelersbackpack:travelers_backpack // com.tiviacz.travelersbackpack.blockentity.BackpackBlockEntity@class_2338{x=460, y=67, z=277}: Failed to decode value '{components:{"travelersbackpack:backpack_container":[{item:{count:27,id:"minecraft:carrot"},slot:0},{item:{count:2,id:"minecraft:gunpowder"},slot:1},{item:{count:1,id:"minecraft:bone"},slot:2},{item:{count:1,id:"minecraft:iron_axe"},slot:3},{item:{count:5,id:"minecraft:redstone"},slot:4},{item:{components:{"minecraft:banner_patterns":[{color:"cyan",pattern:"minecraft:rhombus"},{color:"light_gray",pattern:"minecraft:stripe_bottom"},{color:"gray",pattern:"minecraft:stripe_center"},{color:"light_gray",pattern:"minecraft:border"},{color:"black",pattern:"minecraft:stripe_middle"},{color:"light_gray",pattern:"minecraft:half_horizontal"},{color:"light_gray",pattern:"minecraft:circle"},{color:"black",pattern:"minecraft:border"}],"minecraft:hide_additional_tooltip":{},"minecraft:item_name":'{"color":"gold","translate":"block.minecraft.ominous_banner"}'},count:1,id:"minecraft:white_banner"},slot:5},{item:{count:1,id:"minecraft:torch"},slot:6},{item:{count:18,id:"minecraft:wheat_seeds"},slot:7},{item:{count:1,id:"minecraft:stone_shovel"},slot:8},{item:{count:5,id:"minecraft:netherrack"},slot:9},{item:{count:1,id:"minecraft:stone_pickaxe"},slot:10},{item:{},slot:11},{item:{},slot:12},{item:{},slot:13},{item:{count:1,id:"minecraft:cooked_beef"},slot:14},{item:{count:4,id:"minecraft:cooked_mutton"},slot:15},{item:{count:1,id:"minecraft:wheat"},slot:16},{item:{count:1,id:"minecraft:shield"},slot:17},{item:{count:7,id:"minecraft:cut_sandstone"},slot:18},{item:{count:43,id:"minecraft:lapis_lazuli"},slot:19},{item:{},slot:20},{item:{count:24,id:"minecraft:lantern"},slot:21},{item:{},slot:22},{item:{},slot:23},{item:{},slot:24},{item:{},slot:25},{item:{},slot:26}],"travelersbackpack:render_info":{RenderInfo:{}},"travelersbackpack:storage_slots":27,"travelersbackpack:tool_slots":2,"travelersbackpack:upgrade_slots":2},count:1,id:"travelersbackpack:bat"}' from field 'Backpack': No component with type: 'minecraft:hide_additional_tooltip'; No component with type: 'minecraft:hide_additional_tooltip' missed input: {"minecraft:hide_additional_tooltip":{}} missed input: {"travelersbackpack:backpack_container":[{item:{count:27,id:"minecraft:carrot"},slot:0},{item:{count:2,id:"minecraft:gunpowder"},slot:1},{item:{count:1,id:"minecraft:bone"},slot:2},{item:{count:1,id:"minecraft:iron_axe"},slot:3},{item:{count:5,id:"minecraft:redstone"},slot:4},{item:{components:{"minecraft:banner_patterns":[{color:"cyan",pattern:"minecraft:rhombus"},{color:"light_gray",pattern:"minecraft:stripe_bottom"},{color:"gray",pattern:"minecraft:stripe_center"},{color:"light_gray",pattern:"minecraft:border"},{color:"black",pattern:"minecraft:stripe_middle"},{color:"light_gray",pattern:"minecraft:half_horizontal"},{color:"light_gray",pattern:"minecraft:circle"},{color:"black",pattern:"minecraft:border"}],"minecraft:hide_additional_tooltip":{},"minecraft:item_name":'{"color":"gold","translate":"block.minecraft.ominous_banner"}'},count:1,id:"minecraft:white_banner"},slot:5},{item:{count:1,id:"minecraft:torch"},slot:6},{item:{count:18,id:"minecraft:wheat_seeds"},slot:7},{item:{count:1,id:"minecraft:stone_shovel"},slot:8},{item:{count:5,id:"minecraft:netherrack"},slot:9},{item:{count:1,id:"minecraft:stone_pickaxe"},slot:10},{item:{},slot:11},{item:{},slot:12},{item:{},slot:13},{item:{count:1,id:"minecraft:cooked_beef"},slot:14},{item:{count:4,id:"minecraft:cooked_mutton"},slot:15},{item:{count:1,id:"minecraft:wheat"},slot:16},{item:{count:1,id:"minecraft:shield"},slot:17},{item:{count:7,id:"minecraft:cut_sandstone"},slot:18},{item:{count:43,id:"minecraft:lapis_lazuli"},slot:19},{item:{},slot:20},{item:{count:24,id:"minecraft:lantern"},slot:21},{item:{},slot:22},{item:{},slot:23},{item:{},slot:24},{item:{},slot:25},{item:{},slot:26}]}
[08:47:40] [Server thread/WARN]: [net.minecraft.class_2586] Serialization errors:
travelersbackpack:travelers_backpack // com.tiviacz.travelersbackpack.blockentity.BackpackBlockEntity@class_2338{x=457, y=67, z=274}:
  Failed to decode value '{components:{"minecraft:dyed_color":{rgb:254549250},"travelersbackpack:render_info":{RenderInfo:{Capacity:243000L,LeftTank:{amount:0L,fluidVariant:{fluid:"minecraft:empty"}},RightTank:{amount:0L,fluidVariant:{fluid:"minecraft:empty"}}}},"travelersbackpack:sleeping_bag_color":2,"travelersbackpack:storage_slots":27,"travelersbackpack:tool_slots":2,"travelersbackpack:upgrade_slots":2,"travelersbackpack:upgrades":[{item:{count:1,id:"travelersbackpack:tanks_upgrade"},slot:0},{item:{},slot:1}]},count:1,id:"travelersbackpack:sheep"}' from field 'Backpack': Failed to parse either. First: Not a number; Second: Not a list: {rgb:254549250} missed input: {"minecraft:dyed_color":{rgb:254549250}}
  Failed to decode value '{"minecraft:dyed_color":{rgb:254549250},"travelersbackpack:render_info":{RenderInfo:{LeftTank:{},RightTank:{}}},"travelersbackpack:sleeping_bag_color":2,"travelersbackpack:storage_slots":27,"travelersbackpack:tool_slots":2,"travelersbackpack:upgrade_slots":2,"travelersbackpack:upgrades":[{item:{count:1,id:"travelersbackpack:tanks_upgrade"},slot:0},{item:{},slot:1}]}' from field 'components': Failed to parse either. First: Not a number; Second: Not a list: {rgb:254549250} missed input: {"minecraft:dyed_color":{rgb:254549250}}
[08:47:40] [Server thread/WARN]: [net.minecraft.class_2586] Serialization errors:
travelersbackpack:travelers_backpack // com.tiviacz.travelersbackpack.blockentity.BackpackBlockEntity@class_2338{x=459, y=67, z=274}:
  Failed to decode value '{components:{"minecraft:dyed_color":{rgb:-102885601},"travelersbackpack:render_info":{RenderInfo:{Capacity:243000L,LeftTank:{amount:0L,fluidVariant:{fluid:"minecraft:empty"}},RightTank:{amount:0L,fluidVariant:{fluid:"minecraft:empty"}}}},"travelersbackpack:sleeping_bag_color":11,"travelersbackpack:storage_slots":27,"travelersbackpack:tool_slots":2,"travelersbackpack:upgrade_slots":2,"travelersbackpack:upgrades":[{item:{count:1,id:"travelersbackpack:tanks_upgrade"},slot:0},{item:{},slot:1}]},count:1,id:"travelersbackpack:ocelot"}' from field 'Backpack': Failed to parse either. First: Not a number; Second: Not a list: {rgb:-102885601} missed input: {"minecraft:dyed_color":{rgb:-102885601}}
  Failed to decode value '{"minecraft:dyed_color":{rgb:-102885601},"travelersbackpack:render_info":{RenderInfo:{LeftTank:{},RightTank:{}}},"travelersbackpack:sleeping_bag_color":11,"travelersbackpack:storage_slots":27,"travelersbackpack:tool_slots":2,"travelersbackpack:upgrade_slots":2,"travelersbackpack:upgrades":[{item:{count:1,id:"travelersbackpack:tanks_upgrade"},slot:0},{item:{},slot:1}]}' from field 'components': Failed to parse either. First: Not a number; Second: Not a list: {rgb:-102885601} missed input: {"minecraft:dyed_color":{rgb:-102885601}}
[08:47:41] [Server thread/ERROR]: Failed to parse saved data for 'SavedDataType[lootr/6/62/6259071b-b11e-498c-9e59-52391b2dd7f9]': Not a map: [{chest:{Items:[{Slot:1b,count:1,id:"minecraft:beetroot_seeds"},{Slot:2b,count:1,id:"minecraft:lapis_lazuli"},{Slot:4b,count:1,id:"minecraft:rail"},{Slot:6b,count:1,id:"minecraft:beetroot_seeds"},{Slot:9b,count:5,id:"minecraft:lapis_lazuli"},{Slot:10b,count:5,id:"minecraft:rail"},{Slot:12b,count:1,id:"minecraft:detector_rail"},{Slot:16b,count:1,id:"minecraft:torch"},{Slot:17b,count:1,id:"minecraft:detector_rail"},{Slot:19b,count:2,id:"minecraft:torch"},{Slot:20b,count:1,id:"minecraft:beetroot_seeds"},{Slot:24b,count:1,id:"minecraft:beetroot_seeds"}]},uuid:[I;-170787377,1556888750,-1644746864,1200856634]}]; No key info in MapLike[{actualOpeners:[[I;-170787377,1556888750,-1644746864,1200856634]],blockType:5,dimension:"minecraft:overworld",hasBeenOpened:1b,inventories:[{chest:{Items:[{Slot:1b,count:1,id:"minecraft:beetroot_seeds"},{Slot:2b,count:1,id:"minecraft:lapis_lazuli"},{Slot:4b,count:1,id:"minecraft:rail"},{Slot:6b,count:1,id:"minecraft:beetroot_seeds"},{Slot:9b,count:5,id:"minecraft:lapis_lazuli"},{Slot:10b,count:5,id:"minecraft:rail"},{Slot:12b,count:1,id:"minecraft:detector_rail"},{Slot:16b,count:1,id:"minecraft:torch"},{Slot:17b,count:1,id:"minecraft:detector_rail"},{Slot:19b,count:2,id:"minecraft:torch"},{Slot:20b,count:1,id:"minecraft:beetroot_seeds"},{Slot:24b,count:1,id:"minecraft:beetroot_seeds"}]},uuid:[I;-170787377,1556888750,-1644746864,1200856634]}],key:"lootr/6/62/6259071b-b11e-498c-9e59-52391b2dd7f9",name:'{"translate":"entity.lootr.lootr_minecart","hoverEvent":{"contents":{"type":"lootr:lootr_minecart","id":[1650001691,-1323415156,-1638313415,455989241],"name":{"translate":"entity.lootr.lootr_minecart"}},"action":"show_entity"},"insertion":"6259071b-b11e-498c-9e59-52391b2dd7f9"}',openers:[[I;-170787377,1556888750,-1644746864,1200856634]],position:[I;401,-4,295],seed:4319871079256250949L,size:27,table:"minecraft:chests/abandoned_mineshaft",type:1,uuid:[I;1650001691,-1323415156,-1638313415,455989241]}]
[08:47:41] [Server thread/ERROR]: Failed to parse saved data for 'SavedDataType[lootr/f/f7/f730d8c0-7f80-495d-90d6-265a6e031e41]': Not a map: []; No key info in MapLike[{actualOpeners:[],blockType:5,dimension:"minecraft:overworld",hasBeenOpened:0b,inventories:[],key:"lootr/f/f7/f730d8c0-7f80-495d-90d6-265a6e031e41",name:'{"translate":"entity.lootr.lootr_minecart","hoverEvent":{"contents":{"type":"lootr:lootr_minecart","id":[-147793728,2139113821,-1865013670,1845698113],"name":{"translate":"entity.lootr.lootr_minecart"}},"action":"show_entity"},"insertion":"f730d8c0-7f80-495d-90d6-265a6e031e41"}',openers:[],position:[I;481,-8,302],seed:5897446260890190236L,size:27,table:"minecraft:chests/abandoned_mineshaft",type:1,uuid:[I;-147793728,2139113821,-1865013670,1845698113]}]
[08:47:43] [Server thread/ERROR]: Failed to parse saved data for 'SavedDataType[lootr/7/73/7376d477-1668-4bae-afdd-d0c5d5822e6f]': Not a map: [{chest:{Items:[{Slot:26b,components:{"minecraft:damage":101},count:1,id:"minecraft:stone_axe"}]},uuid:[I;-170787377,1556888750,-1644746864,1200856634]},{chest:{Items:[{Slot:0b,count:1,id:"minecraft:bamboo_hanging_sign"},{Slot:1b,count:1,id:"minecraft:bamboo_hanging_sign"},{Slot:3b,count:1,id:"minecraft:tuff"},{Slot:5b,count:1,id:"minecraft:bamboo_hanging_sign"},{Slot:13b,count:3,id:"minecraft:tuff"},{Slot:14b,components:{"minecraft:damage":105},count:1,id:"minecraft:stone_axe"},{Slot:19b,count:14,id:"minecraft:tuff"}]},uuid:[I;-1256631976,94387322,-1935899468,83413901]}]; No key info in MapLike[{actualOpeners:[[I;-1256631976,94387322,-1935899468,83413901],[I;-170787377,1556888750,-1644746864,1200856634]],blockType:2,dimension:"minecraft:overworld",hasBeenOpened:1b,inventories:[{chest:{Items:[{Slot:26b,components:{"minecraft:damage":101},count:1,id:"minecraft:stone_axe"}]},uuid:[I;-170787377,1556888750,-1644746864,1200856634]},{chest:{Items:[{Slot:0b,count:1,id:"minecraft:bamboo_hanging_sign"},{Slot:1b,count:1,id:"minecraft:bamboo_hanging_sign"},{Slot:3b,count:1,id:"minecraft:tuff"},{Slot:5b,count:1,id:"minecraft:bamboo_hanging_sign"},{Slot:13b,count:3,id:"minecraft:tuff"},{Slot:14b,components:{"minecraft:damage":105},count:1,id:"minecraft:stone_axe"},{Slot:19b,count:14,id:"minecraft:tuff"}]},uuid:[I;-1256631976,94387322,-1935899468,83413901]}],key:"lootr/7/73/7376d477-1668-4bae-afdd-d0c5d5822e6f",name:'{"translate":"container.barrel"}',openers:[[I;-1256631976,94387322,-1935899468,83413901],[I;-170787377,1556888750,-1644746864,1200856634]],position:[I;320,-35,185],seed:7752379717226856977L,size:27,table:"minecraft:chests/trial_chambers/corridor",type:0,uuid:[I;1937167479,375933870,-1344417595,-712888721]}]
[08:47:43] [Server thread/ERROR]: Failed to parse saved data for 'SavedDataType[lootr/7/79/79621079-37fe-4772-99c8-41d46bf7cef2]': Not a map: [{chest:{Items:[{Slot:2b,count:1,id:"minecraft:wind_charge"},{Slot:21b,count:2,id:"minecraft:wind_charge"},{Slot:25b,components:{"minecraft:enchantments":{levels:{"minecraft:power":2}}},count:1,id:"minecraft:bow"}]},uuid:[I;-1256631976,94387322,-1935899468,83413901]}]; No key info in MapLike[{actualOpeners:[[I;-1256631976,94387322,-1935899468,83413901]],blockType:0,dimension:"minecraft:overworld",hasBeenOpened:1b,inventories:[{chest:{Items:[{Slot:2b,count:1,id:"minecraft:wind_charge"},{Slot:21b,count:2,id:"minecraft:wind_charge"},{Slot:25b,components:{"minecraft:enchantments":{levels:{"minecraft:power":2}}},count:1,id:"minecraft:bow"}]},uuid:[I;-1256631976,94387322,-1935899468,83413901]}],key:"lootr/7/79/79621079-37fe-4772-99c8-41d46bf7cef2",name:'{"translate":"container.chest"}',openers:[[I;-1256631976,94387322,-1935899468,83413901]],position:[I;322,-45,189],seed:5186218009739077424L,size:27,table:"minecraft:chests/trial_chambers/reward",type:0,uuid:[I;2036469881,939411314,-1714929196,1811402482]}]
[08:47:44] [Server thread/ERROR]: Failed to parse saved data for 'SavedDataType[lootr/a/af/afb8212f-336a-4fdf-aec2-aa9b8d917559]': Not a map: [{chest:{Items:[{Slot:4b,count:1,id:"minecraft:bamboo_hanging_sign"},{Slot:6b,count:1,id:"minecraft:bamboo_hanging_sign"},{Slot:18b,count:1,id:"minecraft:bamboo_hanging_sign"},{Slot:19b,count:1,id:"minecraft:bamboo_hanging_sign"}]},uuid:[I;-170787377,1556888750,-1644746864,1200856634]},{chest:{Items:[{Slot:6b,count:3,id:"minecraft:bamboo_hanging_sign"},{Slot:21b,count:1,id:"minecraft:bamboo_hanging_sign"}]},uuid:[I;-1256631976,94387322,-1935899468,83413901]}]; No key info in MapLike[{actualOpeners:[[I;-1256631976,94387322,-1935899468,83413901],[I;-170787377,1556888750,-1644746864,1200856634]],blockType:2,dimension:"minecraft:overworld",hasBeenOpened:1b,inventories:[{chest:{Items:[{Slot:4b,count:1,id:"minecraft:bamboo_hanging_sign"},{Slot:6b,count:1,id:"minecraft:bamboo_hanging_sign"},{Slot:18b,count:1,id:"minecraft:bamboo_hanging_sign"},{Slot:19b,count:1,id:"minecraft:bamboo_hanging_sign"}]},uuid:[I;-170787377,1556888750,-1644746864,1200856634]},{chest:{Items:[{Slot:6b,count:3,id:"minecraft:bamboo_hanging_sign"},{Slot:21b,count:1,id:"minecraft:bamboo_hanging_sign"}]},uuid:[I;-1256631976,94387322,-1935899468,83413901]}],key:"lootr/a/af/afb8212f-336a-4fdf-aec2-aa9b8d917559",name:'{"translate":"container.barrel"}',openers:[[I;-1256631976,94387322,-1935899468,83413901],[I;-170787377,1556888750,-1644746864,1200856634]],position:[I;306,-30,183],seed:1169014965801445613L,size:27,table:"minecraft:chests/trial_chambers/corridor",type:0,uuid:[I;-1346887377,862605279,-1362974053,-1919847079]}]
[08:47:44] [Server thread/ERROR]: Failed to parse saved data for 'SavedDataType[lootr/6/65/656ba5cd-ed0b-4763-80c1-3655f633dd43]': Not a map: [{chest:{Items:[{Slot:2b,count:1,id:"minecraft:bamboo_planks"},{Slot:16b,count:2,id:"minecraft:bamboo_planks"}]},uuid:[I;-170787377,1556888750,-1644746864,1200856634]},{chest:{Items:[{Slot:0b,count:1,id:"minecraft:scaffolding"},{Slot:9b,count:5,id:"minecraft:scaffolding"},{Slot:10b,count:1,id:"minecraft:scaffolding"},{Slot:13b,count:3,id:"minecraft:torch"},{Slot:18b,count:1,id:"minecraft:scaffolding"},{Slot:19b,count:1,id:"minecraft:scaffolding"},{Slot:20b,count:1,id:"minecraft:torch"},{Slot:21b,count:1,id:"minecraft:torch"}]},uuid:[I;-1256631976,94387322,-1935899468,83413901]}]; No key info in MapLike[{actualOpeners:[[I;-170787377,1556888750,-1644746864,1200856634],[I;-1256631976,94387322,-1935899468,83413901]],blockType:2,dimension:"minecraft:overworld",hasBeenOpened:1b,inventories:[{chest:{Items:[{Slot:2b,count:1,id:"minecraft:bamboo_planks"},{Slot:16b,count:2,id:"minecraft:bamboo_planks"}]},uuid:[I;-170787377,1556888750,-1644746864,1200856634]},{chest:{Items:[{Slot:0b,count:1,id:"minecraft:scaffolding"},{Slot:9b,count:5,id:"minecraft:scaffolding"},{Slot:10b,count:1,id:"minecraft:scaffolding"},{Slot:13b,count:3,id:"minecraft:torch"},{Slot:18b,count:1,id:"minecraft:scaffolding"},{Slot:19b,count:1,id:"minecraft:scaffolding"},{Slot:20b,count:1,id:"minecraft:torch"},{Slot:21b,count:1,id:"minecraft:torch"}]},uuid:[I;-1256631976,94387322,-1935899468,83413901]}],key:"lootr/6/65/656ba5cd-ed0b-4763-80c1-3655f633dd43",name:'{"translate":"container.barrel"}',openers:[[I;-170787377,1556888750,-1644746864,1200856634],[I;-1256631976,94387322,-1935899468,83413901]],position:[I;311,-37,183],seed:-91066114531257317L,size:27,table:"minecraft:chests/trial_chambers/corridor",type:0,uuid:[I;1701553613,-318027933,-2134821291,-164373181]}]
[08:47:44] [Server thread/ERROR]: Failed to parse saved data for 'SavedDataType[lootr/f/f1/f173d21c-88ef-4901-b4d8-e64459fc4221]': Not a map: [{chest:{Items:[{Slot:7b,count:1,id:"minecraft:bamboo_hanging_sign"},{Slot:9b,count:1,id:"minecraft:bamboo_hanging_sign"},{Slot:20b,count:1,id:"minecraft:bamboo_hanging_sign"},{Slot:24b,count:1,id:"minecraft:bamboo_hanging_sign"}]},uuid:[I;-170787377,1556888750,-1644746864,1200856634]},{chest:{Items:[{Slot:3b,count:1,id:"minecraft:tuff"},{Slot:4b,count:8,id:"minecraft:tuff"},{Slot:10b,components:{"minecraft:damage":98},count:1,id:"minecraft:stone_axe"}]},uuid:[I;-1256631976,94387322,-1935899468,83413901]}]; No key info in MapLike[{actualOpeners:[[I;-170787377,1556888750,-1644746864,1200856634],[I;-1256631976,94387322,-1935899468,83413901]],blockType:2,dimension:"minecraft:overworld",hasBeenOpened:1b,inventories:[{chest:{Items:[{Slot:7b,count:1,id:"minecraft:bamboo_hanging_sign"},{Slot:9b,count:1,id:"minecraft:bamboo_hanging_sign"},{Slot:20b,count:1,id:"minecraft:bamboo_hanging_sign"},{Slot:24b,count:1,id:"minecraft:bamboo_hanging_sign"}]},uuid:[I;-170787377,1556888750,-1644746864,1200856634]},{chest:{Items:[{Slot:3b,count:1,id:"minecraft:tuff"},{Slot:4b,count:8,id:"minecraft:tuff"},{Slot:10b,components:{"minecraft:damage":98},count:1,id:"minecraft:stone_axe"}]},uuid:[I;-1256631976,94387322,-1935899468,83413901]}],key:"lootr/f/f1/f173d21c-88ef-4901-b4d8-e64459fc4221",name:'{"translate":"container.barrel"}',openers:[[I;-170787377,1556888750,-1644746864,1200856634],[I;-1256631976,94387322,-1935899468,83413901]],position:[I;311,-37,185],seed:6469370817455425119L,size:27,table:"minecraft:chests/trial_chambers/corridor",type:0,uuid:[I;-244067812,-1997584127,-1260853692,1509704225]}]
[08:47:45] [Server thread/ERROR]: Failed to parse saved data for 'SavedDataType[lootr/d/dd/dda60871-8f9b-4e51-81ec-bfc28ce04f54]': Not a map: [{chest:{Items:[{Slot:0b,count:1,id:"minecraft:scaffolding"},{Slot:23b,count:2,id:"minecraft:scaffolding"}]},uuid:[I;-170787377,1556888750,-1644746864,1200856634]},{chest:{Items:[{Slot:2b,count:1,id:"minecraft:bamboo_planks"},{Slot:4b,count:1,id:"minecraft:bamboo_planks"},{Slot:7b,count:1,id:"minecraft:bamboo_planks"},{Slot:15b,count:1,id:"minecraft:bamboo_planks"},{Slot:18b,count:1,id:"minecraft:bamboo_planks"},{Slot:19b,components:{"minecraft:damage":107,"minecraft:enchantments":{levels:{"minecraft:vanishing_curse":1}}},count:1,id:"minecraft:iron_axe"},{Slot:25b,components:{"minecraft:damage":109},count:1,id:"minecraft:stone_axe"}]},uuid:[I;-1256631976,94387322,-1935899468,83413901]}]; No key info in MapLike[{actualOpeners:[[I;-1256631976,94387322,-1935899468,83413901],[I;-170787377,1556888750,-1644746864,1200856634]],blockType:2,dimension:"minecraft:overworld",hasBeenOpened:1b,inventories:[{chest:{Items:[{Slot:0b,count:1,id:"minecraft:scaffolding"},{Slot:23b,count:2,id:"minecraft:scaffolding"}]},uuid:[I;-170787377,1556888750,-1644746864,1200856634]},{chest:{Items:[{Slot:2b,count:1,id:"minecraft:bamboo_planks"},{Slot:4b,count:1,id:"minecraft:bamboo_planks"},{Slot:7b,count:1,id:"minecraft:bamboo_planks"},{Slot:15b,count:1,id:"minecraft:bamboo_planks"},{Slot:18b,count:1,id:"minecraft:bamboo_planks"},{Slot:19b,components:{"minecraft:damage":107,"minecraft:enchantments":{levels:{"minecraft:vanishing_curse":1}}},count:1,id:"minecraft:iron_axe"},{Slot:25b,components:{"minecraft:damage":109},count:1,id:"minecraft:stone_axe"}]},uuid:[I;-1256631976,94387322,-1935899468,83413901]}],key:"lootr/d/dd/dda60871-8f9b-4e51-81ec-bfc28ce04f54",name:'{"translate":"container.barrel"}',openers:[[I;-1256631976,94387322,-1935899468,83413901],[I;-170787377,1556888750,-1644746864,1200856634]],position:[I;310,-30,173],seed:-2500435631271968800L,size:27,table:"minecraft:chests/trial_chambers/corridor",type:0,uuid:[I;-576321423,-1885647279,-2115190846,-1931456684]}]
[08:47:45] [Server thread/ERROR]: Failed to parse saved data for 'SavedDataType[lootr/b/b8/b86851ee-7961-46c4-81e9-3d9c60f0f190]': Not a map: [{chest:{Items:[{Slot:1b,count:1,id:"minecraft:rotten_flesh"},{Slot:2b,count:1,id:"minecraft:rotten_flesh"},{Slot:3b,count:1,id:"minecraft:iron_horse_armor"},{Slot:6b,count:1,id:"minecraft:music_disc_cat"},{Slot:9b,count:1,id:"minecraft:redstone"},{Slot:11b,count:1,id:"minecraft:rotten_flesh"},{Slot:18b,count:1,id:"minecraft:redstone"},{Slot:20b,count:1,id:"minecraft:rotten_flesh"},{Slot:21b,count:1,id:"minecraft:rotten_flesh"},{Slot:24b,count:3,id:"minecraft:rotten_flesh"}]},uuid:[I;-170787377,1556888750,-1644746864,1200856634]},{chest:{Items:[{Slot:7b,count:1,id:"minecraft:iron_ingot"},{Slot:8b,count:1,id:"minecraft:rotten_flesh"},{Slot:10b,count:1,id:"minecraft:iron_ingot"},{Slot:11b,count:1,id:"minecraft:string"},{Slot:14b,count:1,id:"minecraft:music_disc_cat"},{Slot:24b,count:1,id:"minecraft:saddle"},{Slot:26b,count:1,id:"minecraft:gunpowder"}]},uuid:[I;-1256631976,94387322,-1935899468,83413901]}]; No key info in MapLike[{actualOpeners:[[I;-1256631976,94387322,-1935899468,83413901],[I;-170787377,1556888750,-1644746864,1200856634]],blockType:0,dimension:"minecraft:overworld",hasBeenOpened:1b,inventories:[{chest:{Items:[{Slot:1b,count:1,id:"minecraft:rotten_flesh"},{Slot:2b,count:1,id:"minecraft:rotten_flesh"},{Slot:3b,count:1,id:"minecraft:iron_horse_armor"},{Slot:6b,count:1,id:"minecraft:music_disc_cat"},{Slot:9b,count:1,id:"minecraft:redstone"},{Slot:11b,count:1,id:"minecraft:rotten_flesh"},{Slot:18b,count:1,id:"minecraft:redstone"},{Slot:20b,count:1,id:"minecraft:rotten_flesh"},{Slot:21b,count:1,id:"minecraft:rotten_flesh"},{Slot:24b,count:3,id:"minecraft:rotten_flesh"}]},uuid:[I;-170787377,1556888750,-1644746864,1200856634]},{chest:{Items:[{Slot:7b,count:1,id:"minecraft:iron_ingot"},{Slot:8b,count:1,id:"minecraft:rotten_flesh"},{Slot:10b,count:1,id:"minecraft:iron_ingot"},{Slot:11b,count:1,id:"minecraft:string"},{Slot:14b,count:1,id:"minecraft:music_disc_cat"},{Slot:24b,count:1,id:"minecraft:saddle"},{Slot:26b,count:1,id:"minecraft:gunpowder"}]},uuid:[I;-1256631976,94387322,-1935899468,83413901]}],key:"lootr/b/b8/b86851ee-7961-46c4-81e9-3d9c60f0f190",name:'{"translate":"container.chest"}',openers:[[I;-1256631976,94387322,-1935899468,83413901],[I;-170787377,1556888750,-1644746864,1200856634]],position:[I;467,2,260],seed:7114171297873381079L,size:27,table:"minecraft:chests/simple_dungeon",type:0,uuid:[I;-1201122834,2036418244,-2115420772,1626403216]}]
[08:47:45] [Server thread/ERROR]: Failed to parse saved data for 'SavedDataType[lootr/0/05/059e446c-c78c-43df-85d7-841d78284570]': Not a map: [{chest:{Items:[{Slot:11b,count:1,id:"minecraft:golden_horse_armor"},{Slot:20b,count:1,id:"minecraft:bone"},{Slot:21b,count:1,id:"minecraft:bread"},{Slot:23b,count:1,id:"minecraft:iron_horse_armor"}]},uuid:[I;-170787377,1556888750,-1644746864,1200856634]},{chest:{Items:[{Slot:0b,count:1,id:"minecraft:leather"},{Slot:3b,count:1,id:"minecraft:pumpkin_seeds"},{Slot:5b,count:1,id:"minecraft:rotten_flesh"},{Slot:6b,count:1,id:"minecraft:rotten_flesh"},{Slot:8b,count:1,id:"minecraft:rotten_flesh"},{Slot:9b,count:1,id:"minecraft:rotten_flesh"},{Slot:14b,count:1,id:"minecraft:pumpkin_seeds"},{Slot:15b,count:1,id:"minecraft:rotten_flesh"},{Slot:16b,count:1,id:"minecraft:rotten_flesh"},{Slot:18b,count:1,id:"minecraft:bone"},{Slot:19b,count:1,id:"minecraft:bone"},{Slot:21b,count:5,id:"minecraft:bone"},{Slot:25b,count:1,id:"minecraft:golden_horse_armor"}]},uuid:[I;-1256631976,94387322,-1935899468,83413901]}]; No key info in MapLike[{actualOpeners:[[I;-1256631976,94387322,-1935899468,83413901],[I;-170787377,1556888750,-1644746864,1200856634]],blockType:0,dimension:"minecraft:overworld",hasBeenOpened:1b,inventories:[{chest:{Items:[{Slot:11b,count:1,id:"minecraft:golden_horse_armor"},{Slot:20b,count:1,id:"minecraft:bone"},{Slot:21b,count:1,id:"minecraft:bread"},{Slot:23b,count:1,id:"minecraft:iron_horse_armor"}]},uuid:[I;-170787377,1556888750,-1644746864,1200856634]},{chest:{Items:[{Slot:0b,count:1,id:"minecraft:leather"},{Slot:3b,count:1,id:"minecraft:pumpkin_seeds"},{Slot:5b,count:1,id:"minecraft:rotten_flesh"},{Slot:6b,count:1,id:"minecraft:rotten_flesh"},{Slot:8b,count:1,id:"minecraft:rotten_flesh"},{Slot:9b,count:1,id:"minecraft:rotten_flesh"},{Slot:14b,count:1,id:"minecraft:pumpkin_seeds"},{Slot:15b,count:1,id:"minecraft:rotten_flesh"},{Slot:16b,count:1,id:"minecraft:rotten_flesh"},{Slot:18b,count:1,id:"minecraft:bone"},{Slot:19b,count:1,id:"minecraft:bone"},{Slot:21b,count:5,id:"minecraft:bone"},{Slot:25b,count:1,id:"minecraft:golden_horse_armor"}]},uuid:[I;-1256631976,94387322,-1935899468,83413901]}],key:"lootr/0/05/059e446c-c78c-43df-85d7-841d78284570",name:'{"translate":"container.chest"}',openers:[[I;-1256631976,94387322,-1935899468,83413901],[I;-170787377,1556888750,-1644746864,1200856634]],position:[I;470,2,256],seed:-7901960618374293369L,size:27,table:"minecraft:chests/simple_dungeon",type:0,uuid:[I;94258284,-947108897,-2049473507,2015905136]}]
[08:47:47] [Server thread/ERROR]: Failed to parse saved data for 'SavedDataType[lootr/8/8b/8bf91f49-e97b-4e5f-ba42-e4b38528cc28]': Not a map: [{chest:{Items:[{Slot:2b,count:1,id:"minecraft:scaffolding"},{Slot:5b,count:1,id:"minecraft:tuff"},{Slot:6b,count:6,id:"minecraft:tuff"},{Slot:7b,count:1,id:"minecraft:tuff"},{Slot:8b,count:1,id:"minecraft:tuff"},{Slot:16b,count:1,id:"minecraft:tuff"},{Slot:17b,count:1,id:"minecraft:tuff"},{Slot:18b,count:1,id:"minecraft:tuff"},{Slot:19b,count:2,id:"minecraft:tuff"},{Slot:21b,count:1,id:"minecraft:scaffolding"},{Slot:23b,count:5,id:"minecraft:scaffolding"},{Slot:24b,count:1,id:"minecraft:tuff"},{Slot:26b,count:1,id:"minecraft:scaffolding"}]},uuid:[I;-170787377,1556888750,-1644746864,1200856634]},{chest:{Items:[{Slot:0b,count:36,id:"minecraft:brick"},{Slot:1b,count:1,id:"minecraft:diorite"},{Slot:2b,count:1,id:"minecraft:waxed_copper_grate"},{Slot:11b,count:2,id:"minecraft:tuff"},{Slot:14b,count:2,id:"minecraft:bamboo_planks"},{Slot:18b,count:1,id:"minecraft:tuff"},{Slot:20b,count:8,id:"minecraft:tuff"},{Slot:22b,count:2,id:"minecraft:bamboo_planks"},{Slot:26b,components:{"minecraft:damage":44},count:1,id:"minecraft:stone_axe"}]},uuid:[I;-1256631976,94387322,-1935899468,83413901]}]; No key info in MapLike[{actualOpeners:[[I;-1256631976,94387322,-1935899468,83413901],[I;-170787377,1556888750,-1644746864,1200856634]],blockType:2,dimension:"minecraft:overworld",hasBeenOpened:1b,inventories:[{chest:{Items:[{Slot:2b,count:1,id:"minecraft:scaffolding"},{Slot:5b,count:1,id:"minecraft:tuff"},{Slot:6b,count:6,id:"minecraft:tuff"},{Slot:7b,count:1,id:"minecraft:tuff"},{Slot:8b,count:1,id:"minecraft:tuff"},{Slot:16b,count:1,id:"minecraft:tuff"},{Slot:17b,count:1,id:"minecraft:tuff"},{Slot:18b,count:1,id:"minecraft:tuff"},{Slot:19b,count:2,id:"minecraft:tuff"},{Slot:21b,count:1,id:"minecraft:scaffolding"},{Slot:23b,count:5,id:"minecraft:scaffolding"},{Slot:24b,count:1,id:"minecraft:tuff"},{Slot:26b,count:1,id:"minecraft:scaffolding"}]},uuid:[I;-170787377,1556888750,-1644746864,1200856634]},{chest:{Items:[{Slot:0b,count:36,id:"minecraft:brick"},{Slot:1b,count:1,id:"minecraft:diorite"},{Slot:2b,count:1,id:"minecraft:waxed_copper_grate"},{Slot:11b,count:2,id:"minecraft:tuff"},{Slot:14b,count:2,id:"minecraft:bamboo_planks"},{Slot:18b,count:1,id:"minecraft:tuff"},{Slot:20b,count:8,id:"minecraft:tuff"},{Slot:22b,count:2,id:"minecraft:bamboo_planks"},{Slot:26b,components:{"minecraft:damage":44},count:1,id:"minecraft:stone_axe"}]},uuid:[I;-1256631976,94387322,-1935899468,83413901]}],key:"lootr/8/8b/8bf91f49-e97b-4e5f-ba42-e4b38528cc28",name:'{"translate":"container.barrel"}',openers:[[I;-1256631976,94387322,-1935899468,83413901],[I;-170787377,1556888750,-1644746864,1200856634]],position:[I;294,-35,166],seed:-8878004803502486592L,size:27,table:"minecraft:chests/trial_chambers/corridor",type:0,uuid:[I;-1946607799,-377794977,-1170021197,-2060923864]}]
[08:47:47] [Server thread/ERROR]: Failed to parse saved data for 'SavedDataType[lootr/6/6f/6fd15726-53c3-4e36-a9bd-e3f6876861b6]': Not a map: [{chest:{Items:[{Slot:1b,count:1,id:"minecraft:bamboo_hanging_sign"},{Slot:2b,count:1,id:"minecraft:bamboo_hanging_sign"},{Slot:8b,count:2,id:"minecraft:bamboo_hanging_sign"},{Slot:9b,count:1,id:"minecraft:bamboo_hanging_sign"},{Slot:11b,count:2,id:"minecraft:honeycomb"},{Slot:13b,count:1,id:"minecraft:honeycomb"}]},uuid:[I;-170787377,1556888750,-1644746864,1200856634]},{chest:{Items:[{Slot:9b,count:2,id:"minecraft:bamboo_hanging_sign"},{Slot:10b,count:1,id:"minecraft:bamboo_hanging_sign"}]},uuid:[I;-1256631976,94387322,-1935899468,83413901]}]; No key info in MapLike[{actualOpeners:[[I;-1256631976,94387322,-1935899468,83413901],[I;-170787377,1556888750,-1644746864,1200856634]],blockType:2,dimension:"minecraft:overworld",hasBeenOpened:1b,inventories:[{chest:{Items:[{Slot:1b,count:1,id:"minecraft:bamboo_hanging_sign"},{Slot:2b,count:1,id:"minecraft:bamboo_hanging_sign"},{Slot:8b,count:2,id:"minecraft:bamboo_hanging_sign"},{Slot:9b,count:1,id:"minecraft:bamboo_hanging_sign"},{Slot:11b,count:2,id:"minecraft:honeycomb"},{Slot:13b,count:1,id:"minecraft:honeycomb"}]},uuid:[I;-170787377,1556888750,-1644746864,1200856634]},{chest:{Items:[{Slot:9b,count:2,id:"minecraft:bamboo_hanging_sign"},{Slot:10b,count:1,id:"minecraft:bamboo_hanging_sign"}]},uuid:[I;-1256631976,94387322,-1935899468,83413901]}],key:"lootr/6/6f/6fd15726-53c3-4e36-a9bd-e3f6876861b6",name:'{"translate":"container.barrel"}',openers:[[I;-1256631976,94387322,-1935899468,83413901],[I;-170787377,1556888750,-1644746864,1200856634]],position:[I;288,-30,166],seed:5103068721798123281L,size:27,table:"minecraft:chests/trial_chambers/corridor",type:0,uuid:[I;1875990310,1405308470,-1447173130,-2023202378]}]
[08:47:47] [Server thread/ERROR]: Failed to parse saved data for 'SavedDataType[lootr/d/d9/d9bb83d0-1ab0-4e26-bad3-f80bdd2de055]': Not a map: [{chest:{Items:[{Slot:13b,count:1,id:"minecraft:bamboo_hanging_sign"},{Slot:15b,count:1,id:"minecraft:bamboo_hanging_sign"},{Slot:21b,components:{"minecraft:damage":106},count:1,id:"minecraft:stone_axe"},{Slot:23b,count:1,id:"minecraft:bamboo_hanging_sign"}]},uuid:[I;-170787377,1556888750,-1644746864,1200856634]},{chest:{Items:[{Slot:3b,count:6,id:"minecraft:scaffolding"},{Slot:6b,count:2,id:"minecraft:scaffolding"},{Slot:7b,count:1,id:"minecraft:scaffolding"},{Slot:18b,count:1,id:"minecraft:scaffolding"},{Slot:23b,components:{"minecraft:damage":64},count:1,id:"minecraft:stone_pickaxe"},{Slot:24b,components:{"minecraft:damage":71},count:1,id:"minecraft:stone_axe"}]},uuid:[I;-1256631976,94387322,-1935899468,83413901]}]; No key info in MapLike[{actualOpeners:[[I;-170787377,1556888750,-1644746864,1200856634],[I;-1256631976,94387322,-1935899468,83413901]],blockType:2,dimension:"minecraft:overworld",hasBeenOpened:1b,inventories:[{chest:{Items:[{Slot:13b,count:1,id:"minecraft:bamboo_hanging_sign"},{Slot:15b,count:1,id:"minecraft:bamboo_hanging_sign"},{Slot:21b,components:{"minecraft:damage":106},count:1,id:"minecraft:stone_axe"},{Slot:23b,count:1,id:"minecraft:bamboo_hanging_sign"}]},uuid:[I;-170787377,1556888750,-1644746864,1200856634]},{chest:{Items:[{Slot:3b,count:6,id:"minecraft:scaffolding"},{Slot:6b,count:2,id:"minecraft:scaffolding"},{Slot:7b,count:1,id:"minecraft:scaffolding"},{Slot:18b,count:1,id:"minecraft:scaffolding"},{Slot:23b,components:{"minecraft:damage":64},count:1,id:"minecraft:stone_pickaxe"},{Slot:24b,components:{"minecraft:damage":71},count:1,id:"minecraft:stone_axe"}]},uuid:[I;-1256631976,94387322,-1935899468,83413901]}],key:"lootr/d/d9/d9bb83d0-1ab0-4e26-bad3-f80bdd2de055",name:'{"translate":"container.barrel"}',openers:[[I;-170787377,1556888750,-1644746864,1200856634],[I;-1256631976,94387322,-1935899468,83413901]],position:[I;298,-35,166],seed:-5887968991826637613L,size:27,table:"minecraft:chests/trial_chambers/corridor",type:0,uuid:[I;-642022448,447761958,-1160513525,-584196011]}]
[08:47:47] [Server thread/ERROR]: Failed to parse saved data for 'SavedDataType[lootr/d/d7/d73d2e46-88c8-4fee-9e8e-686f8dcff2f7]': Not a map: [{chest:{Items:[{Slot:1b,count:1,id:"minecraft:wheat"},{Slot:7b,count:5,id:"minecraft:wheat"},{Slot:10b,count:1,id:"minecraft:black_wool"},{Slot:14b,count:1,id:"minecraft:wheat"}]},uuid:[I;-1256631976,94387322,-1935899468,83413901]}]; No key info in MapLike[{actualOpeners:[[I;-1256631976,94387322,-1935899468,83413901]],blockType:0,dimension:"minecraft:overworld",hasBeenOpened:1b,inventories:[{chest:{Items:[{Slot:1b,count:1,id:"minecraft:wheat"},{Slot:7b,count:5,id:"minecraft:wheat"},{Slot:10b,count:1,id:"minecraft:black_wool"},{Slot:14b,count:1,id:"minecraft:wheat"}]},uuid:[I;-1256631976,94387322,-1935899468,83413901]}],key:"lootr/d/d7/d73d2e46-88c8-4fee-9e8e-686f8dcff2f7",name:'{"translate":"container.chest"}',openers:[[I;-1256631976,94387322,-1935899468,83413901]],position:[I;508,73,215],seed:-560013076291098415L,size:27,table:"minecraft:chests/village/village_shepherd",type:0,uuid:[I;-683856314,-2000138258,-1634834321,-1915751689]}]
[08:47:47] [Server thread/ERROR]: Failed to parse saved data for 'SavedDataType[lootr/a/a4/a4316e31-791a-4138-8687-1d86d68b321e]': Not a map: [{chest:{Items:[{Slot:1b,count:1,id:"minecraft:stone_bricks"},{Slot:15b,count:1,id:"minecraft:stone"},{Slot:16b,count:1,id:"minecraft:stone_bricks"},{Slot:19b,count:1,id:"minecraft:clay_ball"},{Slot:22b,count:1,id:"minecraft:clay_ball"},{Slot:24b,count:1,id:"minecraft:clay_ball"}]},uuid:[I;-170787377,1556888750,-1644746864,1200856634]},{chest:{Items:[{Slot:11b,count:1,id:"minecraft:yellow_dye"},{Slot:14b,count:1,id:"minecraft:bread"},{Slot:16b,count:1,id:"minecraft:bread"},{Slot:22b,count:1,id:"minecraft:bread"}]},uuid:[I;-1256631976,94387322,-1935899468,83413901]}]; No key info in MapLike[{actualOpeners:[[I;-1256631976,94387322,-1935899468,83413901],[I;-170787377,1556888750,-1644746864,1200856634]],blockType:0,dimension:"minecraft:overworld",hasBeenOpened:1b,inventories:[{chest:{Items:[{Slot:1b,count:1,id:"minecraft:stone_bricks"},{Slot:15b,count:1,id:"minecraft:stone"},{Slot:16b,count:1,id:"minecraft:stone_bricks"},{Slot:19b,count:1,id:"minecraft:clay_ball"},{Slot:22b,count:1,id:"minecraft:clay_ball"},{Slot:24b,count:1,id:"minecraft:clay_ball"}]},uuid:[I;-170787377,1556888750,-1644746864,1200856634]},{chest:{Items:[{Slot:11b,count:1,id:"minecraft:yellow_dye"},{Slot:14b,count:1,id:"minecraft:bread"},{Slot:16b,count:1,id:"minecraft:bread"},{Slot:22b,count:1,id:"minecraft:bread"}]},uuid:[I;-1256631976,94387322,-1935899468,83413901]}],key:"lootr/a/a4/a4316e31-791a-4138-8687-1d86d68b321e",name:'{"translate":"container.chest"}',openers:[[I;-1256631976,94387322,-1935899468,83413901],[I;-170787377,1556888750,-1644746864,1200856634]],position:[I;507,74,205],seed:1935595559226494508L,size:27,table:"minecraft:chests/village/village_mason",type:0,uuid:[I;-1540264399,2031763768,-2037965434,-695520738]}]
[08:47:48] [Server thread/ERROR]: Failed to parse saved data for 'SavedDataType[lootr/9/96/968684f9-70aa-4cc8-a9ac-a0959ce8a2e8]': Not a map: [{chest:{Items:[{Slot:4b,count:1,id:"minecraft:flint"},{Slot:6b,count:1,id:"minecraft:flint"},{Slot:9b,count:1,id:"minecraft:feather"},{Slot:17b,count:1,id:"minecraft:feather"},{Slot:18b,count:1,id:"minecraft:feather"},{Slot:22b,count:1,id:"minecraft:stick"},{Slot:23b,count:1,id:"minecraft:stick"}]},uuid:[I;-170787377,1556888750,-1644746864,1200856634]},{chest:{Items:[{Slot:3b,count:1,id:"minecraft:feather"},{Slot:6b,count:1,id:"minecraft:feather"},{Slot:7b,count:1,id:"minecraft:flint"},{Slot:8b,count:1,id:"minecraft:feather"},{Slot:9b,count:1,id:"minecraft:feather"},{Slot:10b,count:1,id:"minecraft:flint"},{Slot:13b,count:1,id:"minecraft:feather"},{Slot:15b,count:1,id:"minecraft:feather"},{Slot:19b,count:1,id:"minecraft:feather"},{Slot:20b,count:1,id:"minecraft:flint"},{Slot:24b,count:1,id:"minecraft:flint"}]},uuid:[I;-1256631976,94387322,-1935899468,83413901]}]; No key info in MapLike[{actualOpeners:[[I;-1256631976,94387322,-1935899468,83413901],[I;-170787377,1556888750,-1644746864,1200856634]],blockType:0,dimension:"minecraft:overworld",hasBeenOpened:1b,inventories:[{chest:{Items:[{Slot:4b,count:1,id:"minecraft:flint"},{Slot:6b,count:1,id:"minecraft:flint"},{Slot:9b,count:1,id:"minecraft:feather"},{Slot:17b,count:1,id:"minecraft:feather"},{Slot:18b,count:1,id:"minecraft:feather"},{Slot:22b,count:1,id:"minecraft:stick"},{Slot:23b,count:1,id:"minecraft:stick"}]},uuid:[I;-170787377,1556888750,-1644746864,1200856634]},{chest:{Items:[{Slot:3b,count:1,id:"minecraft:feather"},{Slot:6b,count:1,id:"minecraft:feather"},{Slot:7b,count:1,id:"minecraft:flint"},{Slot:8b,count:1,id:"minecraft:feather"},{Slot:9b,count:1,id:"minecraft:feather"},{Slot:10b,count:1,id:"minecraft:flint"},{Slot:13b,count:1,id:"minecraft:feather"},{Slot:15b,count:1,id:"minecraft:feather"},{Slot:19b,count:1,id:"minecraft:feather"},{Slot:20b,count:1,id:"minecraft:flint"},{Slot:24b,count:1,id:"minecraft:flint"}]},uuid:[I;-1256631976,94387322,-1935899468,83413901]}],key:"lootr/9/96/968684f9-70aa-4cc8-a9ac-a0959ce8a2e8",name:'{"translate":"container.chest"}',openers:[[I;-1256631976,94387322,-1935899468,83413901],[I;-170787377,1556888750,-1644746864,1200856634]],position:[I;509,74,186],seed:-7425920913328592616L,size:27,table:"minecraft:chests/village/village_fletcher",type:0,uuid:[I;-1769569031,1890208968,-1448304491,-1662475544]}]
[08:47:48] [Server thread/ERROR]: Failed to parse saved data for 'SavedDataType[lootr/7/76/76796242-54a7-4f46-81e1-9f59a535de6f]': Not a map: [{chest:{Items:[{Slot:0b,count:1,id:"minecraft:bread"},{Slot:2b,count:1,id:"minecraft:redstone"},{Slot:5b,count:1,id:"minecraft:rotten_flesh"},{Slot:8b,count:1,id:"minecraft:bread"},{Slot:11b,count:1,id:"minecraft:bread"},{Slot:14b,count:3,id:"minecraft:redstone"},{Slot:18b,count:1,id:"minecraft:redstone"},{Slot:22b,count:1,id:"minecraft:redstone"},{Slot:26b,count:1,id:"minecraft:redstone"}]},uuid:[I;-170787377,1556888750,-1644746864,1200856634]},{chest:{Items:[]},uuid:[I;-1256631976,94387322,-1935899468,83413901]}]; No key info in MapLike[{actualOpeners:[[I;-170787377,1556888750,-1644746864,1200856634],[I;-1256631976,94387322,-1935899468,83413901]],blockType:0,dimension:"minecraft:overworld",hasBeenOpened:1b,inventories:[{chest:{Items:[{Slot:0b,count:1,id:"minecraft:bread"},{Slot:2b,count:1,id:"minecraft:redstone"},{Slot:5b,count:1,id:"minecraft:rotten_flesh"},{Slot:8b,count:1,id:"minecraft:bread"},{Slot:11b,count:1,id:"minecraft:bread"},{Slot:14b,count:3,id:"minecraft:redstone"},{Slot:18b,count:1,id:"minecraft:redstone"},{Slot:22b,count:1,id:"minecraft:redstone"},{Slot:26b,count:1,id:"minecraft:redstone"}]},uuid:[I;-170787377,1556888750,-1644746864,1200856634]},{chest:{Items:[]},uuid:[I;-1256631976,94387322,-1935899468,83413901]}],key:"lootr/7/76/76796242-54a7-4f46-81e1-9f59a535de6f",name:'{"translate":"container.chest"}',openers:[[I;-170787377,1556888750,-1644746864,1200856634],[I;-1256631976,94387322,-1935899468,83413901]],position:[I;521,76,197],seed:-4878505049542243892L,size:27,table:"minecraft:chests/village/village_temple",type:0,uuid:[I;1987666498,1420250950,-2115920039,-1523196305]}]
[08:47:48] [Server thread/ERROR]: Failed to parse saved data for 'SavedDataType[lootr/1/14/14492211-a91a-423c-abbe-bd28570d103f]': Not a map: [{chest:{Items:[{Slot:15b,components:{"minecraft:damage":88},count:1,id:"minecraft:stone_pickaxe"},{Slot:18b,count:1,id:"minecraft:arrow"}]},uuid:[I;-170787377,1556888750,-1644746864,1200856634]},{chest:{Items:[{Slot:2b,components:{"minecraft:potion_contents":{potion:"minecraft:poison"}},count:1,id:"minecraft:tipped_arrow"},{Slot:7b,count:1,id:"minecraft:glow_berries"},{Slot:12b,components:{"minecraft:potion_contents":{potion:"minecraft:poison"}},count:5,id:"minecraft:tipped_arrow"},{Slot:13b,components:{"minecraft:damage":27},count:1,id:"minecraft:stone_pickaxe"},{Slot:17b,count:3,id:"minecraft:acacia_planks"},{Slot:23b,count:1,id:"minecraft:glow_berries"},{Slot:24b,count:2,id:"minecraft:acacia_planks"}]},uuid:[I;-1256631976,94387322,-1935899468,83413901]}]; No key info in MapLike[{actualOpeners:[[I;-170787377,1556888750,-1644746864,1200856634],[I;-1256631976,94387322,-1935899468,83413901]],blockType:0,dimension:"minecraft:overworld",hasBeenOpened:1b,inventories:[{chest:{Items:[{Slot:15b,components:{"minecraft:damage":88},count:1,id:"minecraft:stone_pickaxe"},{Slot:18b,count:1,id:"minecraft:arrow"}]},uuid:[I;-170787377,1556888750,-1644746864,1200856634]},{chest:{Items:[{Slot:2b,components:{"minecraft:potion_contents":{potion:"minecraft:poison"}},count:1,id:"minecraft:tipped_arrow"},{Slot:7b,count:1,id:"minecraft:glow_berries"},{Slot:12b,components:{"minecraft:potion_contents":{potion:"minecraft:poison"}},count:5,id:"minecraft:tipped_arrow"},{Slot:13b,components:{"minecraft:damage":27},count:1,id:"minecraft:stone_pickaxe"},{Slot:17b,count:3,id:"minecraft:acacia_planks"},{Slot:23b,count:1,id:"minecraft:glow_berries"},{Slot:24b,count:2,id:"minecraft:acacia_planks"}]},uuid:[I;-1256631976,94387322,-1935899468,83413901]}],key:"lootr/1/14/14492211-a91a-423c-abbe-bd28570d103f",name:'{"translate":"container.chest"}',openers:[[I;-170787377,1556888750,-1644746864,1200856634],[I;-1256631976,94387322,-1935899468,83413901]],position:[I;273,-45,155],seed:-8683350579557299924L,size:27,table:"minecraft:chests/trial_chambers/supply",type:0,uuid:[I;340337169,-1457896900,-1413563096,1460473919]}]
[08:47:48] [Server thread/ERROR]: Failed to parse saved data for 'SavedDataType[lootr/f/f9/f9b9f2ca-43cc-433a-a6e8-245ce9a87fea]': Not a map: [{chest:{Items:[{Slot:3b,count:1,id:"minecraft:dandelion"},{Slot:16b,count:2,id:"minecraft:apple"},{Slot:17b,count:2,id:"minecraft:apple"},{Slot:23b,count:1,id:"minecraft:apple"}]},uuid:[I;-170787377,1556888750,-1644746864,1200856634]},{chest:{Items:[{Slot:9b,count:1,id:"minecraft:potato"},{Slot:14b,count:1,id:"minecraft:potato"},{Slot:22b,count:2,id:"minecraft:potato"},{Slot:25b,count:2,id:"minecraft:potato"}]},uuid:[I;-1256631976,94387322,-1935899468,83413901]}]; No key info in MapLike[{actualOpeners:[[I;-1256631976,94387322,-1935899468,83413901],[I;-170787377,1556888750,-1644746864,1200856634]],blockType:0,dimension:"minecraft:overworld",hasBeenOpened:1b,inventories:[{chest:{Items:[{Slot:3b,count:1,id:"minecraft:dandelion"},{Slot:16b,count:2,id:"minecraft:apple"},{Slot:17b,count:2,id:"minecraft:apple"},{Slot:23b,count:1,id:"minecraft:apple"}]},uuid:[I;-170787377,1556888750,-1644746864,1200856634]},{chest:{Items:[{Slot:9b,count:1,id:"minecraft:potato"},{Slot:14b,count:1,id:"minecraft:potato"},{Slot:22b,count:2,id:"minecraft:potato"},{Slot:25b,count:2,id:"minecraft:potato"}]},uuid:[I;-1256631976,94387322,-1935899468,83413901]}],key:"lootr/f/f9/f9b9f2ca-43cc-433a-a6e8-245ce9a87fea",name:'{"translate":"container.chest"}',openers:[[I;-1256631976,94387322,-1935899468,83413901],[I;-170787377,1556888750,-1644746864,1200856634]],position:[I;526,75,181],seed:-6638356987393850490L,size:27,table:"minecraft:chests/village/village_plains_house",type:0,uuid:[I;-105254198,1137460026,-1494735780,-374833174]}]
[08:47:49] [Server thread/ERROR]: Failed to parse saved data for 'SavedDataType[lootr/0/0e/0e138887-75f4-4608-a25a-c8616cc7c5d2]': Not a map: [{chest:{Items:[{Slot:1b,count:2,id:"minecraft:potato"},{Slot:4b,count:3,id:"minecraft:apple"},{Slot:14b,count:2,id:"minecraft:potato"},{Slot:17b,count:1,id:"minecraft:apple"},{Slot:21b,count:1,id:"minecraft:feather"}]},uuid:[I;-170787377,1556888750,-1644746864,1200856634]},{chest:{Items:[{Slot:2b,count:1,id:"minecraft:gold_nugget"},{Slot:4b,count:1,id:"minecraft:bread"},{Slot:6b,count:1,id:"minecraft:bread"},{Slot:8b,count:1,id:"minecraft:gold_nugget"},{Slot:9b,count:1,id:"minecraft:bread"},{Slot:10b,count:1,id:"minecraft:bread"},{Slot:11b,count:1,id:"minecraft:potato"},{Slot:12b,count:3,id:"minecraft:bread"},{Slot:13b,count:1,id:"minecraft:bread"},{Slot:14b,count:3,id:"minecraft:potato"},{Slot:15b,count:1,id:"minecraft:potato"},{Slot:16b,count:1,id:"minecraft:bread"},{Slot:17b,count:1,id:"minecraft:bread"},{Slot:18b,count:1,id:"minecraft:potato"},{Slot:20b,count:1,id:"minecraft:apple"},{Slot:21b,count:1,id:"minecraft:potato"},{Slot:22b,count:2,id:"minecraft:potato"},{Slot:23b,count:1,id:"minecraft:apple"},{Slot:24b,count:2,id:"minecraft:bread"}]},uuid:[I;-1256631976,94387322,-1935899468,83413901]}]; No key info in MapLike[{actualOpeners:[[I;-170787377,1556888750,-1644746864,1200856634],[I;-1256631976,94387322,-1935899468,83413901]],blockType:0,dimension:"minecraft:overworld",hasBeenOpened:1b,inventories:[{chest:{Items:[{Slot:1b,count:2,id:"minecraft:potato"},{Slot:4b,count:3,id:"minecraft:apple"},{Slot:14b,count:2,id:"minecraft:potato"},{Slot:17b,count:1,id:"minecraft:apple"},{Slot:21b,count:1,id:"minecraft:feather"}]},uuid:[I;-170787377,1556888750,-1644746864,1200856634]},{chest:{Items:[{Slot:2b,count:1,id:"minecraft:gold_nugget"},{Slot:4b,count:1,id:"minecraft:bread"},{Slot:6b,count:1,id:"minecraft:bread"},{Slot:8b,count:1,id:"minecraft:gold_nugget"},{Slot:9b,count:1,id:"minecraft:bread"},{Slot:10b,count:1,id:"minecraft:bread"},{Slot:11b,count:1,id:"minecraft:potato"},{Slot:12b,count:3,id:"minecraft:bread"},{Slot:13b,count:1,id:"minecraft:bread"},{Slot:14b,count:3,id:"minecraft:potato"},{Slot:15b,count:1,id:"minecraft:potato"},{Slot:16b,count:1,id:"minecraft:bread"},{Slot:17b,count:1,id:"minecraft:bread"},{Slot:18b,count:1,id:"minecraft:potato"},{Slot:20b,count:1,id:"minecraft:apple"},{Slot:21b,count:1,id:"minecraft:potato"},{Slot:22b,count:2,id:"minecraft:potato"},{Slot:23b,count:1,id:"minecraft:apple"},{Slot:24b,count:2,id:"minecraft:bread"}]},uuid:[I;-1256631976,94387322,-1935899468,83413901]}],key:"lootr/0/0e/0e138887-75f4-4608-a25a-c8616cc7c5d2",name:'{"translate":"container.chest"}',openers:[[I;-170787377,1556888750,-1644746864,1200856634],[I;-1256631976,94387322,-1935899468,83413901]],position:[I;516,74,168],seed:5691599394139301503L,size:27,table:"minecraft:chests/village/village_plains_house",type:0,uuid:[I;236161159,1978942984,-1571108767,1825031634]}]
[08:47:49] [Server thread/ERROR]: Failed to parse saved data for 'SavedDataType[lootr/0/02/02b27dde-1185-42ec-8916-3152b67818d5]': Not a map: [{chest:{Items:[{Slot:0b,count:1,id:"minecraft:glass_bottle"},{Slot:1b,count:2,id:"minecraft:granite"},{Slot:2b,count:1,id:"biomesoplenty:pink_daffodil"},{Slot:3b,count:15,id:"minecraft:raw_copper"},{Slot:4b,count:10,id:"minecraft:diorite"},{Slot:5b,count:10,id:"minecraft:dirt"},{Slot:6b,count:2,id:"minecraft:acacia_planks"},{Slot:7b,count:2,id:"minecraft:coarse_dirt"},{Slot:8b,components:{"minecraft:potion_contents":{potion:"minecraft:regeneration"}},count:1,id:"minecraft:potion"},{Slot:9b,count:2,id:"minecraft:leather"},{Slot:10b,count:1,id:"minecraft:acacia_planks"},{Slot:12b,count:1,id:"minecraft:acacia_planks"}]},uuid:[I;-170787377,1556888750,-1644746864,1200856634]},{chest:{Items:[{Slot:5b,count:4,id:"minecraft:arrow"},{Slot:7b,count:1,id:"minecraft:arrow"},{Slot:8b,count:2,id:"minecraft:arrow"},{Slot:10b,count:1,id:"minecraft:arrow"},{Slot:13b,count:11,id:"minecraft:arrow"},{Slot:16b,count:7,id:"minecraft:arrow"},{Slot:17b,components:{"minecraft:potion_contents":{potion:"minecraft:slowness"}},count:1,id:"minecraft:tipped_arrow"},{Slot:25b,components:{"minecraft:potion_contents":{potion:"minecraft:slowness"}},count:2,id:"minecraft:tipped_arrow"},{Slot:26b,components:{"minecraft:potion_contents":{potion:"minecraft:slowness"}},count:1,id:"minecraft:tipped_arrow"}]},uuid:[I;-1256631976,94387322,-1935899468,83413901]}]; No key info in MapLike[{actualOpeners:[[I;-1256631976,94387322,-1935899468,83413901],[I;-170787377,1556888750,-1644746864,1200856634]],blockType:0,dimension:"minecraft:overworld",hasBeenOpened:1b,inventories:[{chest:{Items:[{Slot:0b,count:1,id:"minecraft:glass_bottle"},{Slot:1b,count:2,id:"minecraft:granite"},{Slot:2b,count:1,id:"biomesoplenty:pink_daffodil"},{Slot:3b,count:15,id:"minecraft:raw_copper"},{Slot:4b,count:10,id:"minecraft:diorite"},{Slot:5b,count:10,id:"minecraft:dirt"},{Slot:6b,count:2,id:"minecraft:acacia_planks"},{Slot:7b,count:2,id:"minecraft:coarse_dirt"},{Slot:8b,components:{"minecraft:potion_contents":{potion:"minecraft:regeneration"}},count:1,id:"minecraft:potion"},{Slot:9b,count:2,id:"minecraft:leather"},{Slot:10b,count:1,id:"minecraft:acacia_planks"},{Slot:12b,count:1,id:"minecraft:acacia_planks"}]},uuid:[I;-170787377,1556888750,-1644746864,1200856634]},{chest:{Items:[{Slot:5b,count:4,id:"minecraft:arrow"},{Slot:7b,count:1,id:"minecraft:arrow"},{Slot:8b,count:2,id:"minecraft:arrow"},{Slot:10b,count:1,id:"minecraft:arrow"},{Slot:13b,count:11,id:"minecraft:arrow"},{Slot:16b,count:7,id:"minecraft:arrow"},{Slot:17b,components:{"minecraft:potion_contents":{potion:"minecraft:slowness"}},count:1,id:"minecraft:tipped_arrow"},{Slot:25b,components:{"minecraft:potion_contents":{potion:"minecraft:slowness"}},count:2,id:"minecraft:tipped_arrow"},{Slot:26b,components:{"minecraft:potion_contents":{potion:"minecraft:slowness"}},count:1,id:"minecraft:tipped_arrow"}]},uuid:[I;-1256631976,94387322,-1935899468,83413901]}],key:"lootr/0/02/02b27dde-1185-42ec-8916-3152b67818d5",name:'{"translate":"container.chest"}',openers:[[I;-1256631976,94387322,-1935899468,83413901],[I;-170787377,1556888750,-1644746864,1200856634]],position:[I;258,-45,155],seed:7401219020992048550L,size:27,table:"minecraft:chests/trial_chambers/supply",type:0,uuid:[I;45252062,293946092,-1995034286,-1233643307]}]
[08:47:49] [Server thread/ERROR]: Failed to parse saved data for 'SavedDataType[lootr/e/ec/ece5124a-a666-4681-b531-44551e639e11]': Not a map: [{chest:{Items:[]},uuid:[I;-170787377,1556888750,-1644746864,1200856634]},{chest:{Items:[{Slot:0b,count:1,id:"minecraft:stone_bricks"},{Slot:20b,count:1,id:"minecraft:stone"},{Slot:23b,count:1,id:"minecraft:flower_pot"},{Slot:26b,count:1,id:"minecraft:yellow_dye"}]},uuid:[I;-1256631976,94387322,-1935899468,83413901]}]; No key info in MapLike[{actualOpeners:[[I;-1256631976,94387322,-1935899468,83413901],[I;-170787377,1556888750,-1644746864,1200856634]],blockType:0,dimension:"minecraft:overworld",hasBeenOpened:1b,inventories:[{chest:{Items:[]},uuid:[I;-170787377,1556888750,-1644746864,1200856634]},{chest:{Items:[{Slot:0b,count:1,id:"minecraft:stone_bricks"},{Slot:20b,count:1,id:"minecraft:stone"},{Slot:23b,count:1,id:"minecraft:flower_pot"},{Slot:26b,count:1,id:"minecraft:yellow_dye"}]},uuid:[I;-1256631976,94387322,-1935899468,83413901]}],key:"lootr/e/ec/ece5124a-a666-4681-b531-44551e639e11",name:'{"translate":"container.chest"}',openers:[[I;-1256631976,94387322,-1935899468,83413901],[I;-170787377,1556888750,-1644746864,1200856634]],position:[I;526,76,156],seed:-8584555335519486683L,size:27,table:"minecraft:chests/village/village_mason",type:0,uuid:[I;-320531894,-1503246719,-1255062443,509845009]}]
[08:47:49] [Server thread/ERROR]: Failed to parse saved data for 'SavedDataType[lootr/a/a6/a6f1d76f-de42-4555-9f35-53627ec061fa]': Not a map: [{chest:{Items:[{Slot:3b,count:1,id:"minecraft:apple"},{Slot:4b,count:2,id:"minecraft:potato"},{Slot:7b,count:1,id:"minecraft:dandelion"},{Slot:12b,count:1,id:"minecraft:potato"},{Slot:17b,count:3,id:"minecraft:apple"},{Slot:23b,count:1,id:"minecraft:apple"},{Slot:24b,count:1,id:"minecraft:potato"},{Slot:25b,count:1,id:"minecraft:dandelion"}]},uuid:[I;-170787377,1556888750,-1644746864,1200856634]},{chest:{Items:[{Slot:6b,count:1,id:"minecraft:bread"},{Slot:8b,count:1,id:"minecraft:bread"},{Slot:9b,count:2,id:"minecraft:bread"},{Slot:13b,count:1,id:"minecraft:bread"},{Slot:16b,count:1,id:"minecraft:potato"},{Slot:18b,count:3,id:"minecraft:bread"},{Slot:26b,count:1,id:"minecraft:bread"}]},uuid:[I;-1256631976,94387322,-1935899468,83413901]}]; No key info in MapLike[{actualOpeners:[[I;-170787377,1556888750,-1644746864,1200856634],[I;-1256631976,94387322,-1935899468,83413901]],blockType:0,dimension:"minecraft:overworld",hasBeenOpened:1b,inventories:[{chest:{Items:[{Slot:3b,count:1,id:"minecraft:apple"},{Slot:4b,count:2,id:"minecraft:potato"},{Slot:7b,count:1,id:"minecraft:dandelion"},{Slot:12b,count:1,id:"minecraft:potato"},{Slot:17b,count:3,id:"minecraft:apple"},{Slot:23b,count:1,id:"minecraft:apple"},{Slot:24b,count:1,id:"minecraft:potato"},{Slot:25b,count:1,id:"minecraft:dandelion"}]},uuid:[I;-170787377,1556888750,-1644746864,1200856634]},{chest:{Items:[{Slot:6b,count:1,id:"minecraft:bread"},{Slot:8b,count:1,id:"minecraft:bread"},{Slot:9b,count:2,id:"minecraft:bread"},{Slot:13b,count:1,id:"minecraft:bread"},{Slot:16b,count:1,id:"minecraft:potato"},{Slot:18b,count:3,id:"minecraft:bread"},{Slot:26b,count:1,id:"minecraft:bread"}]},uuid:[I;-1256631976,94387322,-1935899468,83413901]}],key:"lootr/a/a6/a6f1d76f-de42-4555-9f35-53627ec061fa",name:'{"translate":"container.chest"}',openers:[[I;-170787377,1556888750,-1644746864,1200856634],[I;-1256631976,94387322,-1935899468,83413901]],position:[I;528,78,231],seed:2985037843727505914L,size:27,table:"minecraft:chests/village/village_plains_house",type:0,uuid:[I;-1494100113,-566082219,-1623895198,2126537210]}]
[08:47:49] [Server thread/ERROR]: Failed to parse saved data for 'SavedDataType[lootr/0/02/02fb6864-8427-4cb1-9301-d77fa63286fd]': Not a map: [{chest:{Items:[{Slot:1b,count:1,id:"minecraft:apple"},{Slot:2b,count:2,id:"minecraft:potato"},{Slot:3b,count:1,id:"minecraft:apple"},{Slot:4b,count:1,id:"minecraft:apple"},{Slot:6b,count:1,id:"minecraft:apple"},{Slot:11b,count:2,id:"minecraft:apple"},{Slot:13b,count:1,id:"minecraft:oak_sapling"},{Slot:14b,count:1,id:"minecraft:apple"},{Slot:16b,count:1,id:"minecraft:apple"},{Slot:17b,count:1,id:"minecraft:apple"},{Slot:19b,count:1,id:"minecraft:apple"},{Slot:23b,count:1,id:"minecraft:oak_sapling"},{Slot:24b,count:2,id:"minecraft:apple"},{Slot:26b,count:2,id:"minecraft:potato"}]},uuid:[I;-170787377,1556888750,-1644746864,1200856634]},{chest:{Items:[{Slot:0b,count:3,id:"minecraft:potato"},{Slot:2b,count:1,id:"minecraft:apple"},{Slot:4b,count:1,id:"minecraft:bread"},{Slot:7b,count:1,id:"minecraft:potato"},{Slot:9b,count:1,id:"minecraft:oak_sapling"},{Slot:10b,count:1,id:"minecraft:oak_sapling"},{Slot:13b,count:1,id:"minecraft:oak_sapling"},{Slot:15b,count:4,id:"minecraft:apple"},{Slot:16b,count:1,id:"minecraft:oak_sapling"},{Slot:17b,count:1,id:"minecraft:potato"},{Slot:20b,count:1,id:"minecraft:potato"},{Slot:21b,count:1,id:"minecraft:bread"},{Slot:23b,count:1,id:"minecraft:bread"},{Slot:25b,count:1,id:"minecraft:oak_sapling"},{Slot:26b,count:1,id:"minecraft:potato"}]},uuid:[I;-1256631976,94387322,-1935899468,83413901]}]; No key info in MapLike[{actualOpeners:[[I;-170787377,1556888750,-1644746864,1200856634],[I;-1256631976,94387322,-1935899468,83413901]],blockType:0,dimension:"minecraft:overworld",hasBeenOpened:1b,inventories:[{chest:{Items:[{Slot:1b,count:1,id:"minecraft:apple"},{Slot:2b,count:2,id:"minecraft:potato"},{Slot:3b,count:1,id:"minecraft:apple"},{Slot:4b,count:1,id:"minecraft:apple"},{Slot:6b,count:1,id:"minecraft:apple"},{Slot:11b,count:2,id:"minecraft:apple"},{Slot:13b,count:1,id:"minecraft:oak_sapling"},{Slot:14b,count:1,id:"minecraft:apple"},{Slot:16b,count:1,id:"minecraft:apple"},{Slot:17b,count:1,id:"minecraft:apple"},{Slot:19b,count:1,id:"minecraft:apple"},{Slot:23b,count:1,id:"minecraft:oak_sapling"},{Slot:24b,count:2,id:"minecraft:apple"},{Slot:26b,count:2,id:"minecraft:potato"}]},uuid:[I;-170787377,1556888750,-1644746864,1200856634]},{chest:{Items:[{Slot:0b,count:3,id:"minecraft:potato"},{Slot:2b,count:1,id:"minecraft:apple"},{Slot:4b,count:1,id:"minecraft:bread"},{Slot:7b,count:1,id:"minecraft:potato"},{Slot:9b,count:1,id:"minecraft:oak_sapling"},{Slot:10b,count:1,id:"minecraft:oak_sapling"},{Slot:13b,count:1,id:"minecraft:oak_sapling"},{Slot:15b,count:4,id:"minecraft:apple"},{Slot:16b,count:1,id:"minecraft:oak_sapling"},{Slot:17b,count:1,id:"minecraft:potato"},{Slot:20b,count:1,id:"minecraft:potato"},{Slot:21b,count:1,id:"minecraft:bread"},{Slot:23b,count:1,id:"minecraft:bread"},{Slot:25b,count:1,id:"minecraft:oak_sapling"},{Slot:26b,count:1,id:"minecraft:potato"}]},uuid:[I;-1256631976,94387322,-1935899468,83413901]}],key:"lootr/0/02/02fb6864-8427-4cb1-9301-d77fa63286fd",name:'{"translate":"container.chest"}',openers:[[I;-170787377,1556888750,-1644746864,1200856634],[I;-1256631976,94387322,-1935899468,83413901]],position:[I;539,80,225],seed:-2370768441185251966L,size:27,table:"minecraft:chests/village/village_plains_house",type:0,uuid:[I;50030692,-2077799247,-1828595841,-1506638083]}]
[08:47:49] [Server thread/ERROR]: Failed to parse saved data for 'SavedDataType[lootr/0/0f/0fab32cb-963b-4f90-8beb-65a4143195c2]': Not a map: [{chest:{Items:[{Slot:0b,count:1,id:"minecraft:feather"},{Slot:1b,count:1,id:"minecraft:potato"},{Slot:2b,count:1,id:"minecraft:potato"},{Slot:3b,count:1,id:"minecraft:apple"},{Slot:4b,count:4,id:"minecraft:potato"},{Slot:5b,count:1,id:"minecraft:potato"},{Slot:6b,count:1,id:"minecraft:apple"},{Slot:8b,count:1,id:"minecraft:potato"},{Slot:9b,count:1,id:"minecraft:potato"},{Slot:16b,count:2,id:"minecraft:potato"},{Slot:17b,count:1,id:"minecraft:oak_sapling"},{Slot:20b,count:1,id:"minecraft:potato"},{Slot:21b,count:1,id:"minecraft:apple"},{Slot:22b,count:1,id:"minecraft:potato"},{Slot:24b,count:2,id:"minecraft:potato"}]},uuid:[I;-170787377,1556888750,-1644746864,1200856634]},{chest:{Items:[{Slot:0b,count:1,id:"minecraft:potato"},{Slot:1b,count:1,id:"minecraft:potato"},{Slot:2b,count:1,id:"minecraft:bread"},{Slot:4b,count:1,id:"minecraft:potato"},{Slot:6b,count:1,id:"minecraft:potato"},{Slot:9b,count:1,id:"minecraft:bread"},{Slot:11b,count:1,id:"minecraft:oak_sapling"},{Slot:12b,count:1,id:"minecraft:oak_sapling"},{Slot:13b,count:1,id:"minecraft:oak_sapling"},{Slot:15b,count:1,id:"minecraft:potato"},{Slot:22b,count:2,id:"minecraft:potato"},{Slot:26b,count:2,id:"minecraft:potato"}]},uuid:[I;-1256631976,94387322,-1935899468,83413901]}]; No key info in MapLike[{actualOpeners:[[I;-170787377,1556888750,-1644746864,1200856634],[I;-1256631976,94387322,-1935899468,83413901]],blockType:0,dimension:"minecraft:overworld",hasBeenOpened:1b,inventories:[{chest:{Items:[{Slot:0b,count:1,id:"minecraft:feather"},{Slot:1b,count:1,id:"minecraft:potato"},{Slot:2b,count:1,id:"minecraft:potato"},{Slot:3b,count:1,id:"minecraft:apple"},{Slot:4b,count:4,id:"minecraft:potato"},{Slot:5b,count:1,id:"minecraft:potato"},{Slot:6b,count:1,id:"minecraft:apple"},{Slot:8b,count:1,id:"minecraft:potato"},{Slot:9b,count:1,id:"minecraft:potato"},{Slot:16b,count:2,id:"minecraft:potato"},{Slot:17b,count:1,id:"minecraft:oak_sapling"},{Slot:20b,count:1,id:"minecraft:potato"},{Slot:21b,count:1,id:"minecraft:apple"},{Slot:22b,count:1,id:"minecraft:potato"},{Slot:24b,count:2,id:"minecraft:potato"}]},uuid:[I;-170787377,1556888750,-1644746864,1200856634]},{chest:{Items:[{Slot:0b,count:1,id:"minecraft:potato"},{Slot:1b,count:1,id:"minecraft:potato"},{Slot:2b,count:1,id:"minecraft:bread"},{Slot:4b,count:1,id:"minecraft:potato"},{Slot:6b,count:1,id:"minecraft:potato"},{Slot:9b,count:1,id:"minecraft:bread"},{Slot:11b,count:1,id:"minecraft:oak_sapling"},{Slot:12b,count:1,id:"minecraft:oak_sapling"},{Slot:13b,count:1,id:"minecraft:oak_sapling"},{Slot:15b,count:1,id:"minecraft:potato"},{Slot:22b,count:2,id:"minecraft:potato"},{Slot:26b,count:2,id:"minecraft:potato"}]},uuid:[I;-1256631976,94387322,-1935899468,83413901]}],key:"lootr/0/0f/0fab32cb-963b-4f90-8beb-65a4143195c2",name:'{"translate":"container.chest"}',openers:[[I;-170787377,1556888750,-1644746864,1200856634],[I;-1256631976,94387322,-1935899468,83413901]],position:[I;540,79,237],seed:-2073113045576275478L,size:27,table:"minecraft:chests/village/village_plains_house",type:0,uuid:[I;262877899,-1774497904,-1947507292,338793922]}]
[08:47:49] [Server thread/ERROR]: Failed to parse saved data for 'SavedDataType[lootr/9/9c/9c78d06a-52d6-4274-a347-915b0c5b8c19]': Not a map: [{chest:{Items:[{Slot:0b,count:1,id:"minecraft:potato"},{Slot:1b,count:1,id:"minecraft:bread"},{Slot:5b,count:1,id:"minecraft:potato"},{Slot:10b,count:1,id:"minecraft:potato"},{Slot:13b,count:1,id:"minecraft:bread"},{Slot:14b,count:1,id:"minecraft:bread"},{Slot:15b,count:2,id:"minecraft:potato"},{Slot:16b,count:1,id:"minecraft:bread"},{Slot:17b,count:1,id:"minecraft:dandelion"},{Slot:18b,count:2,id:"minecraft:potato"},{Slot:21b,count:1,id:"minecraft:potato"},{Slot:25b,count:1,id:"minecraft:poppy"}]},uuid:[I;-170787377,1556888750,-1644746864,1200856634]},{chest:{Items:[{Slot:0b,count:2,id:"minecraft:potato"},{Slot:2b,count:1,id:"minecraft:potato"},{Slot:3b,count:1,id:"minecraft:bread"},{Slot:5b,count:1,id:"minecraft:potato"},{Slot:9b,count:2,id:"minecraft:potato"},{Slot:14b,count:1,id:"minecraft:dandelion"},{Slot:17b,count:1,id:"minecraft:potato"},{Slot:18b,count:2,id:"minecraft:potato"},{Slot:22b,count:1,id:"minecraft:bread"},{Slot:24b,count:1,id:"minecraft:potato"},{Slot:25b,count:1,id:"minecraft:bread"},{Slot:26b,count:4,id:"minecraft:potato"}]},uuid:[I;-1256631976,94387322,-1935899468,83413901]}]; No key info in MapLike[{actualOpeners:[[I;-1256631976,94387322,-1935899468,83413901],[I;-170787377,1556888750,-1644746864,1200856634]],blockType:0,dimension:"minecraft:overworld",hasBeenOpened:1b,inventories:[{chest:{Items:[{Slot:0b,count:1,id:"minecraft:potato"},{Slot:1b,count:1,id:"minecraft:bread"},{Slot:5b,count:1,id:"minecraft:potato"},{Slot:10b,count:1,id:"minecraft:potato"},{Slot:13b,count:1,id:"minecraft:bread"},{Slot:14b,count:1,id:"minecraft:bread"},{Slot:15b,count:2,id:"minecraft:potato"},{Slot:16b,count:1,id:"minecraft:bread"},{Slot:17b,count:1,id:"minecraft:dandelion"},{Slot:18b,count:2,id:"minecraft:potato"},{Slot:21b,count:1,id:"minecraft:potato"},{Slot:25b,count:1,id:"minecraft:poppy"}]},uuid:[I;-170787377,1556888750,-1644746864,1200856634]},{chest:{Items:[{Slot:0b,count:2,id:"minecraft:potato"},{Slot:2b,count:1,id:"minecraft:potato"},{Slot:3b,count:1,id:"minecraft:bread"},{Slot:5b,count:1,id:"minecraft:potato"},{Slot:9b,count:2,id:"minecraft:potato"},{Slot:14b,count:1,id:"minecraft:dandelion"},{Slot:17b,count:1,id:"minecraft:potato"},{Slot:18b,count:2,id:"minecraft:potato"},{Slot:22b,count:1,id:"minecraft:bread"},{Slot:24b,count:1,id:"minecraft:potato"},{Slot:25b,count:1,id:"minecraft:bread"},{Slot:26b,count:4,id:"minecraft:potato"}]},uuid:[I;-1256631976,94387322,-1935899468,83413901]}],key:"lootr/9/9c/9c78d06a-52d6-4274-a347-915b0c5b8c19",name:'{"translate":"container.chest"}',openers:[[I;-1256631976,94387322,-1935899468,83413901],[I;-170787377,1556888750,-1644746864,1200856634]],position:[I;539,78,226],seed:-6116056927395574078L,size:27,table:"minecraft:chests/village/village_plains_house",type:0,uuid:[I;-1669803926,1389773428,-1555590821,207326233]}]
[08:47:49] [Server thread/ERROR]: Failed to parse saved data for 'SavedDataType[lootr/5/5e/5e648b6f-4657-43ea-a829-6cd760e4fbe2]': Not a map: [{chest:{Items:[{Slot:2b,count:1,id:"minecraft:gold_nugget"},{Slot:3b,count:1,id:"minecraft:potato"},{Slot:4b,count:1,id:"minecraft:apple"},{Slot:7b,count:1,id:"minecraft:potato"},{Slot:8b,count:1,id:"minecraft:oak_sapling"},{Slot:12b,count:1,id:"minecraft:potato"},{Slot:16b,count:1,id:"minecraft:potato"},{Slot:17b,count:1,id:"minecraft:potato"},{Slot:19b,count:1,id:"minecraft:potato"},{Slot:23b,count:1,id:"minecraft:oak_sapling"},{Slot:25b,count:1,id:"minecraft:potato"}]},uuid:[I;-170787377,1556888750,-1644746864,1200856634]},{chest:{Items:[{Slot:0b,count:3,id:"minecraft:bread"},{Slot:1b,count:1,id:"minecraft:potato"},{Slot:5b,count:3,id:"minecraft:potato"},{Slot:9b,count:1,id:"minecraft:potato"},{Slot:10b,count:1,id:"minecraft:bread"},{Slot:12b,count:1,id:"minecraft:potato"},{Slot:13b,count:1,id:"minecraft:potato"},{Slot:14b,count:2,id:"minecraft:potato"},{Slot:15b,count:1,id:"minecraft:potato"},{Slot:19b,count:1,id:"minecraft:bread"},{Slot:20b,count:1,id:"minecraft:potato"},{Slot:21b,count:1,id:"minecraft:bread"},{Slot:23b,count:1,id:"minecraft:bread"},{Slot:25b,count:1,id:"minecraft:bread"},{Slot:26b,count:1,id:"minecraft:potato"}]},uuid:[I;-1256631976,94387322,-1935899468,83413901]}]; No key info in MapLike[{actualOpeners:[[I;-1256631976,94387322,-1935899468,83413901],[I;-170787377,1556888750,-1644746864,1200856634]],blockType:0,dimension:"minecraft:overworld",hasBeenOpened:1b,inventories:[{chest:{Items:[{Slot:2b,count:1,id:"minecraft:gold_nugget"},{Slot:3b,count:1,id:"minecraft:potato"},{Slot:4b,count:1,id:"minecraft:apple"},{Slot:7b,count:1,id:"minecraft:potato"},{Slot:8b,count:1,id:"minecraft:oak_sapling"},{Slot:12b,count:1,id:"minecraft:potato"},{Slot:16b,count:1,id:"minecraft:potato"},{Slot:17b,count:1,id:"minecraft:potato"},{Slot:19b,count:1,id:"minecraft:potato"},{Slot:23b,count:1,id:"minecraft:oak_sapling"},{Slot:25b,count:1,id:"minecraft:potato"}]},uuid:[I;-170787377,1556888750,-1644746864,1200856634]},{chest:{Items:[{Slot:0b,count:3,id:"minecraft:bread"},{Slot:1b,count:1,id:"minecraft:potato"},{Slot:5b,count:3,id:"minecraft:potato"},{Slot:9b,count:1,id:"minecraft:potato"},{Slot:10b,count:1,id:"minecraft:bread"},{Slot:12b,count:1,id:"minecraft:potato"},{Slot:13b,count:1,id:"minecraft:potato"},{Slot:14b,count:2,id:"minecraft:potato"},{Slot:15b,count:1,id:"minecraft:potato"},{Slot:19b,count:1,id:"minecraft:bread"},{Slot:20b,count:1,id:"minecraft:potato"},{Slot:21b,count:1,id:"minecraft:bread"},{Slot:23b,count:1,id:"minecraft:bread"},{Slot:25b,count:1,id:"minecraft:bread"},{Slot:26b,count:1,id:"minecraft:potato"}]},uuid:[I;-1256631976,94387322,-1935899468,83413901]}],key:"lootr/5/5e/5e648b6f-4657-43ea-a829-6cd760e4fbe2",name:'{"translate":"container.chest"}',openers:[[I;-1256631976,94387322,-1935899468,83413901],[I;-170787377,1556888750,-1644746864,1200856634]],position:[I;528,78,243],seed:4187353881738358111L,size:27,table:"minecraft:chests/village/village_plains_house",type:0,uuid:[I;1583647599,1180124138,-1473680169,1625619426]}]
[08:47:49] [Server thread/ERROR]: Failed to parse saved data for 'SavedDataType[lootr/8/82/825c30fc-6d0a-42e9-8698-d17362401805]': Not a map: [{chest:{Items:[]},uuid:[I;-170787377,1556888750,-1644746864,1200856634]},{chest:{Items:[{Slot:5b,count:1,id:"minecraft:bread"},{Slot:17b,count:1,id:"minecraft:bread"}]},uuid:[I;-1256631976,94387322,-1935899468,83413901]}]; No key info in MapLike[{actualOpeners:[[I;-1256631976,94387322,-1935899468,83413901],[I;-170787377,1556888750,-1644746864,1200856634]],blockType:0,dimension:"minecraft:overworld",hasBeenOpened:1b,inventories:[{chest:{Items:[]},uuid:[I;-170787377,1556888750,-1644746864,1200856634]},{chest:{Items:[{Slot:5b,count:1,id:"minecraft:bread"},{Slot:17b,count:1,id:"minecraft:bread"}]},uuid:[I;-1256631976,94387322,-1935899468,83413901]}],key:"lootr/8/82/825c30fc-6d0a-42e9-8698-d17362401805",name:'{"translate":"container.chest"}',openers:[[I;-1256631976,94387322,-1935899468,83413901],[I;-170787377,1556888750,-1644746864,1200856634]],position:[I;539,78,250],seed:-5374821699263264687L,size:27,table:"minecraft:chests/village/village_armorer",type:0,uuid:[I;-2107887364,1829389033,-2036805261,1648367621]}]
[08:47:49] [Server thread/ERROR]: Failed to parse saved data for 'SavedDataType[lootr/d/dc/dcae157e-c80d-4b73-b74a-a1cbefab75ee]': Not a map: [{chest:{Items:[{Slot:3b,count:1,id:"minecraft:wooden_axe"},{Slot:14b,count:1,id:"minecraft:honeycomb"},{Slot:19b,count:1,id:"minecraft:honeycomb"},{Slot:20b,count:1,id:"minecraft:honeycomb"},{Slot:25b,count:1,id:"minecraft:honeycomb"}]},uuid:[I;-170787377,1556888750,-1644746864,1200856634]},{chest:{Items:[{Slot:2b,count:1,id:"minecraft:honeycomb"},{Slot:6b,count:3,id:"minecraft:honeycomb"},{Slot:7b,count:2,id:"minecraft:honeycomb"},{Slot:10b,count:1,id:"minecraft:wooden_axe"},{Slot:24b,count:1,id:"minecraft:wooden_axe"}]},uuid:[I;-1256631976,94387322,-1935899468,83413901]}]; No key info in MapLike[{actualOpeners:[[I;-1256631976,94387322,-1935899468,83413901],[I;-170787377,1556888750,-1644746864,1200856634]],blockType:0,dimension:"minecraft:overworld",hasBeenOpened:1b,inventories:[{chest:{Items:[{Slot:3b,count:1,id:"minecraft:wooden_axe"},{Slot:14b,count:1,id:"minecraft:honeycomb"},{Slot:19b,count:1,id:"minecraft:honeycomb"},{Slot:20b,count:1,id:"minecraft:honeycomb"},{Slot:25b,count:1,id:"minecraft:honeycomb"}]},uuid:[I;-170787377,1556888750,-1644746864,1200856634]},{chest:{Items:[{Slot:2b,count:1,id:"minecraft:honeycomb"},{Slot:6b,count:3,id:"minecraft:honeycomb"},{Slot:7b,count:2,id:"minecraft:honeycomb"},{Slot:10b,count:1,id:"minecraft:wooden_axe"},{Slot:24b,count:1,id:"minecraft:wooden_axe"}]},uuid:[I;-1256631976,94387322,-1935899468,83413901]}],key:"lootr/d/dc/dcae157e-c80d-4b73-b74a-a1cbefab75ee",name:'{"translate":"container.chest"}',openers:[[I;-1256631976,94387322,-1935899468,83413901],[I;-170787377,1556888750,-1644746864,1200856634]],position:[I;255,-24,164],seed:-3525427770891278710L,size:27,table:"minecraft:chests/trial_chambers/entrance",type:0,uuid:[I;-592571010,-938652813,-1219845685,-273975826]}]
[08:47:49] [Server thread/ERROR]: Failed to parse saved data for 'SavedDataType[lootr/d/d3/d32b3726-c290-40b0-b41e-d716452c33c0]': Not a map: [{chest:{Items:[{Slot:2b,count:1,id:"minecraft:bread"},{Slot:3b,count:1,id:"minecraft:stick"},{Slot:4b,count:1,id:"minecraft:bread"},{Slot:7b,count:1,id:"minecraft:stick"},{Slot:10b,count:1,id:"minecraft:stick"},{Slot:15b,count:1,id:"minecraft:stick"},{Slot:24b,count:1,id:"minecraft:stick"}]},uuid:[I;-170787377,1556888750,-1644746864,1200856634]},{chest:{Items:[{Slot:0b,count:1,id:"minecraft:bread"},{Slot:2b,count:1,id:"minecraft:stick"},{Slot:4b,count:1,id:"minecraft:stick"},{Slot:5b,count:2,id:"minecraft:stick"},{Slot:7b,count:1,id:"minecraft:stick"},{Slot:11b,count:1,id:"minecraft:bread"},{Slot:13b,count:1,id:"minecraft:bread"},{Slot:14b,count:1,id:"minecraft:bread"},{Slot:15b,count:1,id:"minecraft:bread"},{Slot:16b,count:1,id:"minecraft:stick"},{Slot:19b,count:1,id:"minecraft:bread"}]},uuid:[I;-1256631976,94387322,-1935899468,83413901]}]; No key info in MapLike[{actualOpeners:[[I;-1256631976,94387322,-1935899468,83413901],[I;-170787377,1556888750,-1644746864,1200856634]],blockType:0,dimension:"minecraft:overworld",hasBeenOpened:1b,inventories:[{chest:{Items:[{Slot:2b,count:1,id:"minecraft:bread"},{Slot:3b,count:1,id:"minecraft:stick"},{Slot:4b,count:1,id:"minecraft:bread"},{Slot:7b,count:1,id:"minecraft:stick"},{Slot:10b,count:1,id:"minecraft:stick"},{Slot:15b,count:1,id:"minecraft:stick"},{Slot:24b,count:1,id:"minecraft:stick"}]},uuid:[I;-170787377,1556888750,-1644746864,1200856634]},{chest:{Items:[{Slot:0b,count:1,id:"minecraft:bread"},{Slot:2b,count:1,id:"minecraft:stick"},{Slot:4b,count:1,id:"minecraft:stick"},{Slot:5b,count:2,id:"minecraft:stick"},{Slot:7b,count:1,id:"minecraft:stick"},{Slot:11b,count:1,id:"minecraft:bread"},{Slot:13b,count:1,id:"minecraft:bread"},{Slot:14b,count:1,id:"minecraft:bread"},{Slot:15b,count:1,id:"minecraft:bread"},{Slot:16b,count:1,id:"minecraft:stick"},{Slot:19b,count:1,id:"minecraft:bread"}]},uuid:[I;-1256631976,94387322,-1935899468,83413901]}],key:"lootr/d/d3/d32b3726-c290-40b0-b41e-d716452c33c0",name:'{"translate":"container.chest"}',openers:[[I;-1256631976,94387322,-1935899468,83413901],[I;-170787377,1556888750,-1644746864,1200856634]],position:[I;539,77,256],seed:8546251823393120782L,size:27,table:"minecraft:chests/village/village_toolsmith",type:0,uuid:[I;-752142554,-1030733648,-1273047274,1160524736]}]
[08:47:49] [Server thread/ERROR]: Failed to parse saved data for 'SavedDataType[lootr/6/60/60da4c90-803e-4742-aeea-86936276f60e]': Not a map: [{chest:{Items:[{Slot:5b,count:1,id:"minecraft:honeycomb"},{Slot:9b,count:3,id:"minecraft:honeycomb"},{Slot:26b,count:1,id:"minecraft:wooden_axe"}]},uuid:[I;-170787377,1556888750,-1644746864,1200856634]},{chest:{Items:[{Slot:15b,count:1,id:"minecraft:wooden_axe"},{Slot:17b,count:1,id:"minecraft:wooden_axe"}]},uuid:[I;-1256631976,94387322,-1935899468,83413901]}]; No key info in MapLike[{actualOpeners:[[I;-1256631976,94387322,-1935899468,83413901],[I;-170787377,1556888750,-1644746864,1200856634]],blockType:0,dimension:"minecraft:overworld",hasBeenOpened:1b,inventories:[{chest:{Items:[{Slot:5b,count:1,id:"minecraft:honeycomb"},{Slot:9b,count:3,id:"minecraft:honeycomb"},{Slot:26b,count:1,id:"minecraft:wooden_axe"}]},uuid:[I;-170787377,1556888750,-1644746864,1200856634]},{chest:{Items:[{Slot:15b,count:1,id:"minecraft:wooden_axe"},{Slot:17b,count:1,id:"minecraft:wooden_axe"}]},uuid:[I;-1256631976,94387322,-1935899468,83413901]}],key:"lootr/6/60/60da4c90-803e-4742-aeea-86936276f60e",name:'{"translate":"container.chest"}',openers:[[I;-1256631976,94387322,-1935899468,83413901],[I;-170787377,1556888750,-1644746864,1200856634]],position:[I;255,-24,159],seed:126833597171400464L,size:27,table:"minecraft:chests/trial_chambers/entrance",type:0,uuid:[I;1624919184,-2143402174,-1360361837,1651963406]}]
[08:47:51] [Server thread/INFO]: [Bhnklnd: Set own game mode to Creative Mode]
[08:47:51] [Server thread/ERROR]: Failed to parse saved data for 'SavedDataType[lootr/4/40/407a92b2-b0fb-4cda-88c1-602300c78e8c]': Not a map: [{chest:{Items:[]},uuid:[I;-170787377,1556888750,-1644746864,1200856634]},{chest:{Items:[]},uuid:[I;-1256631976,94387322,-1935899468,83413901]}]; No key info in MapLike[{actualOpeners:[[I;-170787377,1556888750,-1644746864,1200856634],[I;-1256631976,94387322,-1935899468,83413901]],blockType:0,dimension:"minecraft:overworld",hasBeenOpened:1b,inventories:[{chest:{Items:[]},uuid:[I;-170787377,1556888750,-1644746864,1200856634]},{chest:{Items:[]},uuid:[I;-1256631976,94387322,-1935899468,83413901]}],key:"lootr/4/40/407a92b2-b0fb-4cda-88c1-602300c78e8c",name:'{"translate":"container.chest"}',openers:[[I;-170787377,1556888750,-1644746864,1200856634],[I;-1256631976,94387322,-1935899468,83413901]],position:[I;438,72,42],seed:-5577792451544370768L,size:27,table:"ctov:pillager_outpost/halloween/tower",type:0,uuid:[I;1081774770,-1325708070,-2000592861,13078156]}]
[08:47:51] [Server thread/ERROR]: Failed to parse saved data for 'SavedDataType[lootr/c/cd/cd1da45a-2ba8-47b6-b8f5-2c9abf87609e]': Not a map: [{chest:{Items:[]},uuid:[I;-170787377,1556888750,-1644746864,1200856634]},{chest:{Items:[]},uuid:[I;-1256631976,94387322,-1935899468,83413901]}]; No key info in MapLike[{actualOpeners:[[I;-170787377,1556888750,-1644746864,1200856634],[I;-1256631976,94387322,-1935899468,83413901]],blockType:0,dimension:"minecraft:overworld",hasBeenOpened:1b,inventories:[{chest:{Items:[]},uuid:[I;-170787377,1556888750,-1644746864,1200856634]},{chest:{Items:[]},uuid:[I;-1256631976,94387322,-1935899468,83413901]}],key:"lootr/c/cd/cd1da45a-2ba8-47b6-b8f5-2c9abf87609e",name:'{"translate":"container.chest"}',openers:[[I;-170787377,1556888750,-1644746864,1200856634],[I;-1256631976,94387322,-1935899468,83413901]],position:[I;439,72,43],seed:-4553632102881954361L,size:27,table:"ctov:pillager_outpost/halloween/tower",type:0,uuid:[I;-853695398,732448694,-1191891814,-1081646946]}]
[08:48:05] [Server thread/ERROR]: Failed to parse saved data for 'SavedDataType[lootr/b/b8/b8e51e60-305b-4c66-86ac-f317f3d6b55a]': Not a map: [{chest:{Items:[{Slot:11b,count:1,id:"minecraft:torch"},{Slot:13b,count:1,id:"minecraft:torch"},{Slot:16b,count:1,id:"minecraft:torch"},{Slot:19b,count:8,id:"minecraft:andesite"},{Slot:22b,count:3,id:"minecraft:pointed_dripstone"},{Slot:23b,count:1,id:"minecraft:bread"},{Slot:26b,count:1,id:"minecraft:rail"}]},uuid:[I;-170787377,1556888750,-1644746864,1200856634]}]; No key info in MapLike[{actualOpeners:[[I;-170787377,1556888750,-1644746864,1200856634]],blockType:5,dimension:"minecraft:overworld",hasBeenOpened:1b,inventories:[{chest:{Items:[{Slot:11b,count:1,id:"minecraft:torch"},{Slot:13b,count:1,id:"minecraft:torch"},{Slot:16b,count:1,id:"minecraft:torch"},{Slot:19b,count:8,id:"minecraft:andesite"},{Slot:22b,count:3,id:"minecraft:pointed_dripstone"},{Slot:23b,count:1,id:"minecraft:bread"},{Slot:26b,count:1,id:"minecraft:rail"}]},uuid:[I;-170787377,1556888750,-1644746864,1200856634]}],key:"lootr/b/b8/b8e51e60-305b-4c66-86ac-f317f3d6b55a",name:'{"translate":"entity.lootr.lootr_minecart","hoverEvent":{"contents":{"type":"lootr:lootr_minecart","id":[-1192944032,811289702,-2035485929,-204032678],"name":{"translate":"entity.lootr.lootr_minecart"}},"action":"show_entity"},"insertion":"b8e51e60-305b-4c66-86ac-f317f3d6b55a"}',openers:[[I;-170787377,1556888750,-1644746864,1200856634]],position:[I;424,4,346],seed:-4316245786451441213L,size:27,table:"minecraft:chests/abandoned_mineshaft",type:1,uuid:[I;-1192944032,811289702,-2035485929,-204032678]}]
[08:48:20] [Server thread/WARN]: [net.minecraft.class_5565] Serialization errors:
chunk@[41, 21].Entities[0]: Failed to decode value '[{base:16.0d,id:"minecraft:generic.follow_range",modifiers:[{amount:-0.09409359319163452d,id:"minecraft:random_spawn_bonus",operation:"add_multiplied_base"}]},{base:0.20000000298023224d,id:"minecraft:generic.movement_speed"}]' from field 'attributes': Unknown registry key in ResourceKey[minecraft:root / minecraft:attribute]: minecraft:generic.movement_speed; Unknown registry key in ResourceKey[minecraft:root / minecraft:attribute]: minecraft:generic.follow_range
[08:49:02] [Server thread/INFO]: [Bhnklnd: Set own game mode to Survival Mode]
[08:49:39] [c2me-worker-2/WARN]: Unable to deserialize blocks for chunk section [47, 4, -6], error: [(Unknown registry key in ResourceKey[minecraft:root / minecraft:block]: biomesoplenty:bush -> using default)]. This can probably be ignored, although if your world looks wrong, optimizing it via the single player menu then deleting your DH database(s) should fix the problem.
[08:49:54] [Server thread/INFO]: [Bhnklnd: Set own game mode to Creative Mode]
[08:50:01] [Server thread/WARN]: [net.minecraft.class_5565] Serialization errors:
chunk@[44, 24].Entities[0]: Failed to decode value '[{base:16.0d,id:"minecraft:generic.follow_range",modifiers:[{amount:-0.03150137354268709d,id:"minecraft:random_spawn_bonus",operation:"add_multiplied_base"}]},{base:0.20000000298023224d,id:"minecraft:generic.movement_speed"}]' from field 'attributes': Unknown registry key in ResourceKey[minecraft:root / minecraft:attribute]: minecraft:generic.movement_speed; Unknown registry key in ResourceKey[minecraft:root / minecraft:attribute]: minecraft:generic.follow_range
[08:50:31] [c2me-worker-1/WARN]: Unable to deserialize biomes for chunk section [74, 24, 45], error: [(Unknown registry key in ResourceKey[minecraft:root / minecraft:worldgen/biome]: biomesoplenty:jacaranda_glade -> using default)]. This can probably be ignored, although if your world looks wrong, optimizing it via the single player menu then deleting your DH database(s) should fix the problem.
[09:01:09] [c2me-worker-0/WARN]: Unable to deserialize blocks for chunk section [-12, 4, 24], error: [(Unknown registry key in ResourceKey[minecraft:root / minecraft:block]: biomesoplenty:wildflower -> using default); (Unknown registry key in ResourceKey[minecraft:root / minecraft:block]: biomesoplenty:wildflower -> using default); (Unknown registry key in ResourceKey[minecraft:root / minecraft:block]: biomesoplenty:wildflower -> using default); (Unknown registry key in ResourceKey[minecraft:root / minecraft:block]: biomesoplenty:wildflower -> using default); (Unknown registry key in ResourceKey[minecraft:root / minecraft:block]: biomesoplenty:wildflower -> using default)]. This can probably be ignored, although if your world looks wrong, optimizing it via the single player menu then deleting your DH database(s) should fix the problem.
[09:01:09] [c2me-worker-1/WARN]: Unable to deserialize blocks for chunk section [-11, 4, 24], error: [(Unknown registry key in ResourceKey[minecraft:root / minecraft:block]: biomesoplenty:wildflower -> using default); (Unknown registry key in ResourceKey[minecraft:root / minecraft:block]: biomesoplenty:wildflower -> using default); (Unknown registry key in ResourceKey[minecraft:root / minecraft:block]: biomesoplenty:wildflower -> using default); (Unknown registry key in ResourceKey[minecraft:root / minecraft:block]: biomesoplenty:wildflower -> using default); (Unknown registry key in ResourceKey[minecraft:root / minecraft:block]: biomesoplenty:wildflower -> using default); (Unknown registry key in ResourceKey[minecraft:root / minecraft:block]: biomesoplenty:wildflower -> using default); (Unknown registry key in ResourceKey[minecraft:root / minecraft:block]: biomesoplenty:wildflower -> using default); (Unknown registry key in ResourceKey[minecraft:root / minecraft:block]: biomesoplenty:wildflower -> using default); (Unknown registry key in ResourceKey[minecraft:root / minecraft:block]: biomesoplenty:wildflower -> using default)]. This can probably be ignored, although if your world looks wrong, optimizing it via the single player menu then deleting your DH database(s) should fix the problem.
[09:01:09] [c2me-worker-2/WARN]: Unable to deserialize blocks for chunk section [-10, 4, 24], error: [(Unknown registry key in ResourceKey[minecraft:root / minecraft:block]: biomesoplenty:wildflower -> using default); (Unknown registry key in ResourceKey[minecraft:root / minecraft:block]: biomesoplenty:wildflower -> using default); (Unknown registry key in ResourceKey[minecraft:root / minecraft:block]: biomesoplenty:wildflower -> using default); (Unknown registry key in ResourceKey[minecraft:root / minecraft:block]: biomesoplenty:wildflower -> using default); (Unknown registry key in ResourceKey[minecraft:root / minecraft:block]: biomesoplenty:wildflower -> using default); (Unknown registry key in ResourceKey[minecraft:root / minecraft:block]: biomesoplenty:wildflower -> using default); (Unknown registry key in ResourceKey[minecraft:root / minecraft:block]: biomesoplenty:wildflower -> using default); (Unknown registry key in ResourceKey[minecraft:root / minecraft:block]: biomesoplenty:wildflower -> using default); (Unknown registry key in ResourceKey[minecraft:root / minecraft:block]: biomesoplenty:wildflower -> using default); (Unknown registry key in ResourceKey[minecraft:root / minecraft:block]: biomesoplenty:wildflower -> using default); (Unknown registry key in ResourceKey[minecraft:root / minecraft:block]: biomesoplenty:wildflower -> using default)]. This can probably be ignored, although if your world looks wrong, optimizing it via the single player menu then deleting your DH database(s) should fix the problem.
[09:01:09] [c2me-worker-1/WARN]: Unable to deserialize blocks for chunk section [-12, 3, 25], error: [(Unknown registry key in ResourceKey[minecraft:root / minecraft:block]: biomesoplenty:wildflower -> using default)]. This can probably be ignored, although if your world looks wrong, optimizing it via the single player menu then deleting your DH database(s) should fix the problem.
[09:01:09] [c2me-worker-0/WARN]: Unable to deserialize blocks for chunk section [-7, 4, 28], error: [(Unknown registry key in ResourceKey[minecraft:root / minecraft:block]: biomesoplenty:wildflower -> using default); (Unknown registry key in ResourceKey[minecraft:root / minecraft:block]: biomesoplenty:wildflower -> using default); (Unknown registry key in ResourceKey[minecraft:root / minecraft:block]: biomesoplenty:wildflower -> using default); (Unknown registry key in ResourceKey[minecraft:root / minecraft:block]: biomesoplenty:wildflower -> using default)]. This can probably be ignored, although if your world looks wrong, optimizing it via the single player menu then deleting your DH database(s) should fix the problem.
[09:01:09] [c2me-worker-2/WARN]: Unable to deserialize blocks for chunk section [-9, 4, 29], error: [(Unknown registry key in ResourceKey[minecraft:root / minecraft:block]: biomesoplenty:wildflower -> using default); (Unknown registry key in ResourceKey[minecraft:root / minecraft:block]: biomesoplenty:wildflower -> using default); (Unknown registry key in ResourceKey[minecraft:root / minecraft:block]: biomesoplenty:wildflower -> using default); (Unknown registry key in ResourceKey[minecraft:root / minecraft:block]: biomesoplenty:wildflower -> using default); (Unknown registry key in ResourceKey[minecraft:root / minecraft:block]: biomesoplenty:wildflower -> using default); (Unknown registry key in ResourceKey[minecraft:root / minecraft:block]: biomesoplenty:wildflower -> using default); (Unknown registry key in ResourceKey[minecraft:root / minecraft:block]: biomesoplenty:wildflower -> using default); (Unknown registry key in ResourceKey[minecraft:root / minecraft:block]: biomesoplenty:wildflower -> using default)]. This can probably be ignored, although if your world looks wrong, optimizing it via the single player menu then deleting your DH database(s) should fix the problem.
[09:01:09] [c2me-worker-0/WARN]: Unable to deserialize blocks for chunk section [-8, 4, 29], error: [(Unknown registry key in ResourceKey[minecraft:root / minecraft:block]: biomesoplenty:wildflower -> using default); (Unknown registry key in ResourceKey[minecraft:root / minecraft:block]: biomesoplenty:wildflower -> using default); (Unknown registry key in ResourceKey[minecraft:root / minecraft:block]: biomesoplenty:wildflower -> using default); (Unknown registry key in ResourceKey[minecraft:root / minecraft:block]: biomesoplenty:wildflower -> using default); (Unknown registry key in ResourceKey[minecraft:root / minecraft:block]: biomesoplenty:wildflower -> using default); (Unknown registry key in ResourceKey[minecraft:root / minecraft:block]: biomesoplenty:wildflower -> using default); (Unknown registry key in ResourceKey[minecraft:root / minecraft:block]: biomesoplenty:wildflower -> using default)]. This can probably be ignored, although if your world looks wrong, optimizing it via the single player menu then deleting your DH database(s) should fix the problem.
[09:01:09] [c2me-worker-1/WARN]: Unable to deserialize blocks for chunk section [-5, 4, 30], error: [(Unknown registry key in ResourceKey[minecraft:root / minecraft:block]: biomesoplenty:wildflower -> using default); (Unknown registry key in ResourceKey[minecraft:root / minecraft:block]: biomesoplenty:wildflower -> using default); (Unknown registry key in ResourceKey[minecraft:root / minecraft:block]: biomesoplenty:wildflower -> using default); (Unknown registry key in ResourceKey[minecraft:root / minecraft:block]: biomesoplenty:wildflower -> using default); (Unknown registry key in ResourceKey[minecraft:root / minecraft:block]: biomesoplenty:wildflower -> using default); (Unknown registry key in ResourceKey[minecraft:root / minecraft:block]: biomesoplenty:wildflower -> using default); (Unknown registry key in ResourceKey[minecraft:root / minecraft:block]: biomesoplenty:wildflower -> using default); (Unknown registry key in ResourceKey[minecraft:root / minecraft:block]: biomesoplenty:wildflower -> using default); (Unknown registry key in ResourceKey[minecraft:root / minecraft:block]: biomesoplenty:wildflower -> using default); (Unknown registry key in ResourceKey[minecraft:root / minecraft:block]: biomesoplenty:wildflower -> using default); (Unknown registry key in ResourceKey[minecraft:root / minecraft:block]: biomesoplenty:wildflower -> using default); (Unknown registry key in ResourceKey[minecraft:root / minecraft:block]: biomesoplenty:wildflower -> using default); (Unknown registry key in ResourceKey[minecraft:root / minecraft:block]: biomesoplenty:wildflower -> using default)]. This can probably be ignored, although if your world looks wrong, optimizing it via the single player menu then deleting your DH database(s) should fix the problem.
[09:01:09] [c2me-worker-0/WARN]: Unable to deserialize blocks for chunk section [-11, 3, 31], error: [(Unknown registry key in ResourceKey[minecraft:root / minecraft:block]: biomesoplenty:wildflower -> using default); (Unknown registry key in ResourceKey[minecraft:root / minecraft:block]: biomesoplenty:wildflower -> using default)]. This can probably be ignored, although if your world looks wrong, optimizing it via the single player menu then deleting your DH database(s) should fix the problem.
[09:01:09] [c2me-worker-0/WARN]: Unable to deserialize blocks for chunk section [-8, 4, 31], error: [(Unknown registry key in ResourceKey[minecraft:root / minecraft:block]: biomesoplenty:wildflower -> using default); (Unknown registry key in ResourceKey[minecraft:root / minecraft:block]: biomesoplenty:wildflower -> using default); (Unknown registry key in ResourceKey[minecraft:root / minecraft:block]: biomesoplenty:wildflower -> using default); (Unknown registry key in ResourceKey[minecraft:root / minecraft:block]: biomesoplenty:wildflower -> using default); (Unknown registry key in ResourceKey[minecraft:root / minecraft:block]: biomesoplenty:wildflower -> using default); (Unknown registry key in ResourceKey[minecraft:root / minecraft:block]: biomesoplenty:wildflower -> using default); (Unknown registry key in ResourceKey[minecraft:root / minecraft:block]: biomesoplenty:wildflower -> using default); (Unknown registry key in ResourceKey[minecraft:root / minecraft:block]: biomesoplenty:wildflower -> using default); (Unknown registry key in ResourceKey[minecraft:root / minecraft:block]: biomesoplenty:wildflower -> using default); (Unknown registry key in ResourceKey[minecraft:root / minecraft:block]: biomesoplenty:wildflower -> using default); (Unknown registry key in ResourceKey[minecraft:root / minecraft:block]: biomesoplenty:wildflower -> using default); (Unknown registry key in ResourceKey[minecraft:root / minecraft:block]: biomesoplenty:wildflower -> using default); (Unknown registry key in ResourceKey[minecraft:root / minecraft:block]: biomesoplenty:wildflower -> using default); (Unknown registry key in ResourceKey[minecraft:root / minecraft:block]: biomesoplenty:wildflower -> using default)]. This can probably be ignored, although if your world looks wrong, optimizing it via the single player menu then deleting your DH database(s) should fix the problem.
[09:01:09] [c2me-worker-0/WARN]: Unable to deserialize blocks for chunk section [-8, 4, 32], error: [(Unknown registry key in ResourceKey[minecraft:root / minecraft:block]: biomesoplenty:wildflower -> using default); (Unknown registry key in ResourceKey[minecraft:root / minecraft:block]: biomesoplenty:wildflower -> using default); (Unknown registry key in ResourceKey[minecraft:root / minecraft:block]: biomesoplenty:wildflower -> using default); (Unknown registry key in ResourceKey[minecraft:root / minecraft:block]: biomesoplenty:wildflower -> using default); (Unknown registry key in ResourceKey[minecraft:root / minecraft:block]: biomesoplenty:wildflower -> using default); (Unknown registry key in ResourceKey[minecraft:root / minecraft:block]: biomesoplenty:wildflower -> using default); (Unknown registry key in ResourceKey[minecraft:root / minecraft:block]: biomesoplenty:wildflower -> using default); (Unknown registry key in ResourceKey[minecraft:root / minecraft:block]: biomesoplenty:wildflower -> using default); (Unknown registry key in ResourceKey[minecraft:root / minecraft:block]: biomesoplenty:wildflower -> using default); (Unknown registry key in ResourceKey[minecraft:root / minecraft:block]: biomesoplenty:wildflower -> using default); (Unknown registry key in ResourceKey[minecraft:root / minecraft:block]: biomesoplenty:wildflower -> using default); (Unknown registry key in ResourceKey[minecraft:root / minecraft:block]: biomesoplenty:wildflower -> using default); (Unknown registry key in ResourceKey[minecraft:root / minecraft:block]: biomesoplenty:wildflower -> using default); (Unknown registry key in ResourceKey[minecraft:root / minecraft:block]: biomesoplenty:wildflower -> using default); (Unknown registry key in ResourceKey[minecraft:root / minecraft:block]: biomesoplenty:wildflower -> using default)]. This can probably be ignored, although if your world looks wrong, optimizing it via the single player menu then deleting your DH database(s) should fix the problem.
[09:01:09] [c2me-worker-0/WARN]: Unable to deserialize blocks for chunk section [-4, 4, 32], error: [(Unknown registry key in ResourceKey[minecraft:root / minecraft:block]: biomesoplenty:wildflower -> using default); (Unknown registry key in ResourceKey[minecraft:root / minecraft:block]: biomesoplenty:wildflower -> using default); (Unknown registry key in ResourceKey[minecraft:root / minecraft:block]: biomesoplenty:wildflower -> using default); (Unknown registry key in ResourceKey[minecraft:root / minecraft:block]: biomesoplenty:wildflower -> using default); (Unknown registry key in ResourceKey[minecraft:root / minecraft:block]: biomesoplenty:wildflower -> using default); (Unknown registry key in ResourceKey[minecraft:root / minecraft:block]: biomesoplenty:wildflower -> using default); (Unknown registry key in ResourceKey[minecraft:root / minecraft:block]: biomesoplenty:wildflower -> using default); (Unknown registry key in ResourceKey[minecraft:root / minecraft:block]: biomesoplenty:wildflower -> using default); (Unknown registry key in ResourceKey[minecraft:root / minecraft:block]: biomesoplenty:wildflower -> using default); (Unknown registry key in ResourceKey[minecraft:root / minecraft:block]: biomesoplenty:wildflower -> using default)]. This can probably be ignored, although if your world looks wrong, optimizing it via the single player menu then deleting your DH database(s) should fix the problem.
[09:01:09] [c2me-worker-0/WARN]: Unable to deserialize blocks for chunk section [-4, 4, 34], error: [(Unknown registry key in ResourceKey[minecraft:root / minecraft:block]: biomesoplenty:wildflower -> using default); (Unknown registry key in ResourceKey[minecraft:root / minecraft:block]: biomesoplenty:wildflower -> using default); (Unknown registry key in ResourceKey[minecraft:root / minecraft:block]: biomesoplenty:wildflower -> using default); (Unknown registry key in ResourceKey[minecraft:root / minecraft:block]: biomesoplenty:wildflower -> using default); (Unknown registry key in ResourceKey[minecraft:root / minecraft:block]: biomesoplenty:wildflower -> using default); (Unknown registry key in ResourceKey[minecraft:root / minecraft:block]: biomesoplenty:wildflower -> using default); (Unknown registry key in ResourceKey[minecraft:root / minecraft:block]: biomesoplenty:wildflower -> using default); (Unknown registry key in ResourceKey[minecraft:root / minecraft:block]: biomesoplenty:wildflower -> using default); (Unknown registry key in ResourceKey[minecraft:root / minecraft:block]: biomesoplenty:wildflower -> using default); (Unknown registry key in ResourceKey[minecraft:root / minecraft:block]: biomesoplenty:wildflower -> using default); (Unknown registry key in ResourceKey[minecraft:root / minecraft:block]: biomesoplenty:wildflower -> using default); (Unknown registry key in ResourceKey[minecraft:root / minecraft:block]: biomesoplenty:wildflower -> using default)]. This can probably be ignored, although if your world looks wrong, optimizing it via the single player menu then deleting your DH database(s) should fix the problem.
[09:01:09] [c2me-worker-2/WARN]: Unable to deserialize blocks for chunk section [-12, 4, 38], error: [(Unknown registry key in ResourceKey[minecraft:root / minecraft:block]: biomesoplenty:wildflower -> using default); (Unknown registry key in ResourceKey[minecraft:root / minecraft:block]: biomesoplenty:wildflower -> using default); (Unknown registry key in ResourceKey[minecraft:root / minecraft:block]: biomesoplenty:wildflower -> using default)]. This can probably be ignored, although if your world looks wrong, optimizing it via the single player menu then deleting your DH database(s) should fix the problem.
[09:01:09] [c2me-worker-1/WARN]: Unable to deserialize blocks for chunk section [-6, 5, 43], error: [(Unknown registry key in ResourceKey[minecraft:root / minecraft:block]: biomesoplenty:wildflower -> using default); (Unknown registry key in ResourceKey[minecraft:root / minecraft:block]: biomesoplenty:wildflower -> using default); (Unknown registry key in ResourceKey[minecraft:root / minecraft:block]: biomesoplenty:wildflower -> using default); (Unknown registry key in ResourceKey[minecraft:root / minecraft:block]: biomesoplenty:wildflower -> using default); (Unknown registry key in ResourceKey[minecraft:root / minecraft:block]: biomesoplenty:wildflower -> using default); (Unknown registry key in ResourceKey[minecraft:root / minecraft:block]: biomesoplenty:wildflower -> using default)]. This can probably be ignored, although if your world looks wrong, optimizing it via the single player menu then deleting your DH database(s) should fix the problem.
[09:01:10] [c2me-worker-1/WARN]: Unable to deserialize blocks for chunk section [-13, 4, 46], error: [(Unknown registry key in ResourceKey[minecraft:root / minecraft:block]: biomesoplenty:wildflower -> using default); (Unknown registry key in ResourceKey[minecraft:root / minecraft:block]: biomesoplenty:wildflower -> using default); (Unknown registry key in ResourceKey[minecraft:root / minecraft:block]: biomesoplenty:wildflower -> using default); (Unknown registry key in ResourceKey[minecraft:root / minecraft:block]: biomesoplenty:wildflower -> using default); (Unknown registry key in ResourceKey[minecraft:root / minecraft:block]: biomesoplenty:wildflower -> using default); (Unknown registry key in ResourceKey[minecraft:root / minecraft:block]: biomesoplenty:wildflower -> using default); (Unknown registry key in ResourceKey[minecraft:root / minecraft:block]: biomesoplenty:wildflower -> using default); (Unknown registry key in ResourceKey[minecraft:root / minecraft:block]: biomesoplenty:wildflower -> using default); (Unknown registry key in ResourceKey[minecraft:root / minecraft:block]: biomesoplenty:wildflower -> using default); (Unknown registry key in ResourceKey[minecraft:root / minecraft:block]: biomesoplenty:wildflower -> using default); (Unknown registry key in ResourceKey[minecraft:root / minecraft:block]: biomesoplenty:wildflower -> using default); (Unknown registry key in ResourceKey[minecraft:root / minecraft:block]: biomesoplenty:wildflower -> using default); (Unknown registry key in ResourceKey[minecraft:root / minecraft:block]: biomesoplenty:wildflower -> using default); (Unknown registry key in ResourceKey[minecraft:root / minecraft:block]: biomesoplenty:wildflower -> using default); (Unknown registry key in ResourceKey[minecraft:root / minecraft:block]: biomesoplenty:wildflower -> using default); (Unknown registry key in ResourceKey[minecraft:root / minecraft:block]: biomesoplenty:wildflower -> using default)]. This can probably be ignored, although if your world looks wrong, optimizing it via the single player menu then deleting your DH database(s) should fix the problem.
[09:01:59] [Server thread/INFO]: [Bhnklnd: Set own game mode to Survival Mode]
[09:02:39] [Netty Epoll Server IO #0/INFO]: Player [Bhnklnd] disconnected.
[09:02:39] [Server thread/INFO]: Bhnklnd lost connection: Disconnected
[09:02:39] [Server thread/INFO]: Bhnklnd left the game
[09:03:39] [Server thread/INFO]: Server empty for 60 seconds, pausing
[09:14:39] [Server thread/INFO]: Unknown or incomplete command, see below for error
[09:14:39] [Server thread/INFO]: <--[HERE]
[09:14:39] [Server thread/INFO]: Unknown or incomplete command, see below for error
[09:14:39] [Server thread/INFO]: <--[HERE]
[09:14:40] [Server thread/INFO]: Unknown or incomplete command, see below for error
[09:14:40] [Server thread/INFO]: <--[HERE]
[09:14:41] [Server thread/INFO]: Stopping server
[09:14:41] [Server thread/INFO]: Saving players
[09:14:41] [Server thread/INFO]: Saving worlds
[09:14:41] [Server thread/INFO]: ServerLevel[world]/minecraft:overworld: waiting for 819 chunks to unload
[09:14:41] [Server thread/INFO]: Saving chunks for level 'ServerLevel[world]'/minecraft:overworld
[09:14:41] [Server thread/INFO]: Saving chunks for level 'ServerLevel[world]'/minecraft:the_nether
[09:14:41] [Server thread/INFO]: Saving chunks for level 'ServerLevel[world]'/minecraft:the_end
[09:14:41] [Server thread/INFO]: ThreadedAnvilChunkStorage (world): All chunks are saved
[09:14:41] [Server thread/INFO]: ThreadedAnvilChunkStorage (DIM-1): All chunks are saved
[09:14:41] [Server thread/INFO]: ThreadedAnvilChunkStorage (DIM1): All chunks are saved
[09:14:41] [Server thread/INFO]: ThreadedAnvilChunkStorage: All dimensions are saved
[09:14:41] [Server thread/INFO]: Unloading level DhServerLevel{kb1glh2rachr4@minecraft:overworld} 
[09:14:41] [Server thread/INFO]: Closing world gen queue
[09:14:41] [Server thread/INFO]: Closing WorldGenerationQueue...
[09:14:41] [Server thread/INFO]: Awaiting world generator thread pool termination...
[09:14:41] [Server thread/WARN]: World generator thread pool shutdown didn't complete after [3] seconds. Some world generator requests may still be running.
[09:14:41] [Server thread/INFO]: BatchGenerator shutting down...
[09:14:41] [Server thread/INFO]: BatchGenerationEnvironment shutting down...
[09:14:41] [Server thread/INFO]: Canceling in progress generation event futures...
[09:14:41] [Server thread/INFO]: BatchGenerationEnvironment shutdown complete.
[09:14:41] [Server thread/INFO]: Finished closing WorldGenerationQueue
[09:14:41] [Server thread/INFO]: Closing [GeneratedFullDataSourceProvider] for level: [DhServerLevel{kb1glh2rachr4@minecraft:overworld}].
[09:14:41] [Server thread/INFO]: Closing [FullDataSourceProviderV1] for level: [DhServerLevel{kb1glh2rachr4@minecraft:overworld}].
[09:14:41] [Server thread/INFO]: Closing database connection: [jdbc:dh_sqlite:./world/data/DistantHorizons.sqlite]...
[09:14:41] [DH-Parent Update Queue [minecraft:overworld] Thread[0]/INFO]: Update thread [DH-Parent Update Queue [minecraft:overworld] Thread[0]] terminated.
[09:14:41] [Server thread/INFO]: Finished closing database connection: [jdbc:dh_sqlite:./world/data/DistantHorizons.sqlite]
[09:14:41] [Server thread/INFO]: Closed DHLevel for [Wrapped{ServerLevel[world]@minecraft:overworld}].
[09:14:41] [Server thread/INFO]: Closing [GeneratedFullDataSourceProvider] for level: [DhServerLevel{kb1glh2rachr4@minecraft:overworld}].
[09:14:41] [Server thread/INFO]: Closing [FullDataSourceProviderV1] for level: [DhServerLevel{kb1glh2rachr4@minecraft:overworld}].
[09:14:41] [Server thread/INFO]: Closed DHLevel for [Wrapped{ServerLevel[world]@minecraft:overworld}].
[09:14:41] [C2ME Storage #3/INFO]: Storage thread Thread[#62,C2ME Storage #3,5,main] stopped
[09:14:41] [C2ME Storage #2/INFO]: Storage thread Thread[#59,C2ME Storage #2,5,main] stopped
[09:14:41] [C2ME Storage #1/INFO]: Storage thread Thread[#58,C2ME Storage #1,5,main] stopped
[09:14:41] [Server thread/INFO]: Unloading level DhServerLevel{kb1glh2rachr4@minecraft:the_nether} 
[09:14:41] [Server thread/INFO]: Closing world gen queue
[09:14:41] [Server thread/INFO]: Closing WorldGenerationQueue...
[09:14:41] [Server thread/INFO]: Awaiting world generator thread pool termination...
[09:14:41] [Server thread/WARN]: World generator thread pool shutdown didn't complete after [3] seconds. Some world generator requests may still be running.
[09:14:41] [Server thread/INFO]: BatchGenerator shutting down...
[09:14:41] [Server thread/INFO]: BatchGenerationEnvironment shutting down...
[09:14:41] [Server thread/INFO]: Canceling in progress generation event futures...
[09:14:41] [Server thread/INFO]: BatchGenerationEnvironment shutdown complete.
[09:14:41] [Server thread/INFO]: Finished closing WorldGenerationQueue
[09:14:42] [Server thread/INFO]: Closing [GeneratedFullDataSourceProvider] for level: [DhServerLevel{kb1glh2rachr4@minecraft:the_nether}].
[09:14:42] [Server thread/INFO]: Closing [FullDataSourceProviderV1] for level: [DhServerLevel{kb1glh2rachr4@minecraft:the_nether}].
[09:14:42] [Server thread/INFO]: Closing database connection: [jdbc:dh_sqlite:./world/DIM-1/data/DistantHorizons.sqlite]...
[09:14:42] [DH-Parent Update Queue [minecraft:the_nether] Thread[0]/INFO]: Update thread [DH-Parent Update Queue [minecraft:the_nether] Thread[0]] terminated.
[09:14:42] [Server thread/INFO]: Finished closing database connection: [jdbc:dh_sqlite:./world/DIM-1/data/DistantHorizons.sqlite]
[09:14:42] [Server thread/INFO]: Closed DHLevel for [Wrapped{ServerLevel[world]@minecraft:the_nether}].
[09:14:42] [Server thread/INFO]: Closing [GeneratedFullDataSourceProvider] for level: [DhServerLevel{kb1glh2rachr4@minecraft:the_nether}].
[09:14:42] [Server thread/INFO]: Closing [FullDataSourceProviderV1] for level: [DhServerLevel{kb1glh2rachr4@minecraft:the_nether}].
[09:14:42] [Server thread/INFO]: Closed DHLevel for [Wrapped{ServerLevel[world]@minecraft:the_nether}].
[09:14:42] [C2ME Storage #6/INFO]: Storage thread Thread[#73,C2ME Storage #6,5,main] stopped
[09:14:42] [C2ME Storage #5/INFO]: Storage thread Thread[#72,C2ME Storage #5,5,main] stopped
[09:14:42] [Server thread/INFO]: Unloading level DhServerLevel{kb1glh2rachr4@minecraft:the_end} 
[09:14:42] [C2ME Storage #4/INFO]: Storage thread Thread[#71,C2ME Storage #4,5,main] stopped
[09:14:42] [Server thread/INFO]: Closing world gen queue
[09:14:42] [Server thread/INFO]: Closing WorldGenerationQueue...
[09:14:42] [Server thread/INFO]: Awaiting world generator thread pool termination...
[09:14:42] [Server thread/WARN]: World generator thread pool shutdown didn't complete after [3] seconds. Some world generator requests may still be running.
[09:14:42] [Server thread/INFO]: BatchGenerator shutting down...
[09:14:42] [Server thread/INFO]: BatchGenerationEnvironment shutting down...
[09:14:42] [Server thread/INFO]: Canceling in progress generation event futures...
[09:14:42] [Server thread/INFO]: BatchGenerationEnvironment shutdown complete.
[09:14:42] [Server thread/INFO]: Finished closing WorldGenerationQueue
[09:14:42] [Server thread/INFO]: Closing [GeneratedFullDataSourceProvider] for level: [DhServerLevel{kb1glh2rachr4@minecraft:the_end}].
[09:14:42] [Server thread/INFO]: Closing [FullDataSourceProviderV1] for level: [DhServerLevel{kb1glh2rachr4@minecraft:the_end}].
[09:14:42] [DH-Parent Update Queue [minecraft:the_end] Thread[0]/INFO]: Update thread [DH-Parent Update Queue [minecraft:the_end] Thread[0]] terminated.
[09:14:42] [Server thread/INFO]: Closing database connection: [jdbc:dh_sqlite:./world/DIM1/data/DistantHorizons.sqlite]...
[09:14:42] [Server thread/INFO]: Finished closing database connection: [jdbc:dh_sqlite:./world/DIM1/data/DistantHorizons.sqlite]
[09:14:42] [Server thread/INFO]: Closed DHLevel for [Wrapped{ServerLevel[world]@minecraft:the_end}].
[09:14:42] [Server thread/INFO]: Closing [GeneratedFullDataSourceProvider] for level: [DhServerLevel{kb1glh2rachr4@minecraft:the_end}].
[09:14:42] [Server thread/INFO]: Closing [FullDataSourceProviderV1] for level: [DhServerLevel{kb1glh2rachr4@minecraft:the_end}].
[09:14:42] [Server thread/INFO]: Closed DHLevel for [Wrapped{ServerLevel[world]@minecraft:the_end}].
[09:14:42] [C2ME Storage #9/INFO]: Storage thread Thread[#77,C2ME Storage #9,5,main] stopped
[09:14:42] [C2ME Storage #7/INFO]: Storage thread Thread[#75,C2ME Storage #7,5,main] stopped
[09:14:42] [C2ME Storage #8/INFO]: Storage thread Thread[#76,C2ME Storage #8,5,main] stopped
[09:14:42] [Server thread/INFO]: Closed DhWorld of type [SERVER_ONLY].
[09:14:42] [Server thread/INFO]: Closed DhWorld of type [SERVER_ONLY].
[09:14:42] [Server thread/INFO]: Shutting down PriorityTaskPicker thread pool...
[09:14:42] [Server thread/INFO]: Closing all [0] database connections...
